Row,Brand,Model,Recorded Dimensions,Verdict,Finding,Recommended Value,Cut Sheet Status,Recommended Source,Current URL
1,Trane,T5TEM4B02AC21SA,"18.50"" W x 45.02"" H x 21.08"" D",OK,Matches AHR-PSD006C Table 23 (H x W x D) for 5TEM4B02/B03.,,ok,,https://elibrary.tranetechnologies.com/public/residential-hvac/Literature/Product%20and%20Submittal%20Data/AHR-PSD006C-EN_03212026.pdf
2,Trane,T5TEM4B03AC31SA,"18.50"" W x 46.77"" H x 21.08"" D",OK,Matches AHR-PSD006C Table 23 (H x W x D) for 5TEM4B02/B03.,,ok,,https://elibrary.tranetechnologies.com/public/residential-hvac/Literature/Product%20and%20Submittal%20Data/AHR-PSD006C-EN_03212026.pdf
3,Trane,RA4AC3048D1000A,"34.3"" W x 28.6"" H x 34.3"" D (verify)",OK,"Value correct (mm-derived 871x726x871mm = 34.3x28.6x34.3""); matches published 34x29x34 for RunTru A4AC3048D1. Model is RunTru A4AC3048D1000A (sheet prefixes ""R"").",,"BAD - generic landing page, model not on it",RunTru A4AC3 product literature (runtruhvac.com),https://www.trane.com/residential/en/products/air-conditioners/
4,Trane,T4TTX5048N1000A,"37"" W x 51"" H x 34"" D (verify)",OK,"Verified: Trane XL15i 4TTX5048N1000A uncrated H51 x W37 x D34. Sheet prefixes ""T"".",,"BAD - generic landing page, model not on it",Trane XL15i 4TTX5 product data (22-1811 series),https://www.trane.com/residential/en/products/air-conditioners/
5,Trane,T5TXCB003AS3HCA,"17.5"" W x 17.5"" H x 21.5"" D",OK,"Matches COR-PSD003A Tables 3-5 ""Uncrated"" H x W x D, correctly re-ordered to W x H x D.",,ok,,https://elibrary.tranetechnologies.com/public/residential-hvac/Literature/Product%20Data/COR-PSD003A-EN_07032025.pdf
6,Trane,T5TXCB004AS3HCA,"17.5"" W x 22.5"" H x 21.5"" D",OK,"Matches COR-PSD003A Tables 3-5 ""Uncrated"" H x W x D, correctly re-ordered to W x H x D.",,ok,,https://elibrary.tranetechnologies.com/public/residential-hvac/Literature/Product%20Data/COR-PSD003A-EN_07032025.pdf
7,Trane,T5TXCC007AS3HCA,"21"" W x 26.75"" H x 21.5"" D",OK,"Matches COR-PSD003A Tables 3-5 ""Uncrated"" H x W x D, correctly re-ordered to W x H x D.",,ok,,https://elibrary.tranetechnologies.com/public/residential-hvac/Literature/Product%20Data/COR-PSD003A-EN_07032025.pdf
8,Trane,T5TXCB006AS3HCA,"17.5"" W x 26.75"" H x 21.5"" D",OK,"Matches COR-PSD003A Tables 3-5 ""Uncrated"" H x W x D, correctly re-ordered to W x H x D.",,ok,,https://elibrary.tranetechnologies.com/public/residential-hvac/Literature/Product%20Data/COR-PSD003A-EN_07032025.pdf
9,Trane,T5TXCC005AS3HCA,"21"" W x 22.5"" H x 21.5"" D",OK,"Matches COR-PSD003A Tables 3-5 ""Uncrated"" H x W x D, correctly re-ordered to W x H x D.",,ok,,https://elibrary.tranetechnologies.com/public/residential-hvac/Literature/Product%20Data/COR-PSD003A-EN_07032025.pdf
10,Trane,T5TXCD010AS3HCA,"24.5"" W x 30.75"" H x 21.5"" D",OK,"Matches COR-PSD003A Tables 3-5 ""Uncrated"" H x W x D, correctly re-ordered to W x H x D.",,ok,,https://elibrary.tranetechnologies.com/public/residential-hvac/Literature/Product%20Data/COR-PSD003A-EN_07032025.pdf
11,Trane,FC-1 - FCBB0301BAYB0G20AB3A000001000PA,"33.3125"" W x 25.1875"" H x 9.875"" D",OK,"Matches UNT-SVX07Q Table 4 (Model B vertical cabinet): A=33-5/16"" size 03 / 38-5/16"" size 04; H 25-3/16""; D 9-7/8"".",,ok,,https://elibrary.tranetechnologies.com/public/commercial-hvac/Literature/Installation%20Operation%20and%20Maintenance/UNT-SVX07Q-EN_06302025.pdf
12,Trane,FC-2 - FCBB0301BAYB0G20AB3A000001000PA,"33.3125"" W x 25.1875"" H x 9.875"" D",OK,"Matches UNT-SVX07Q Table 4 (Model B vertical cabinet): A=33-5/16"" size 03 / 38-5/16"" size 04; H 25-3/16""; D 9-7/8"".",,ok,,https://elibrary.tranetechnologies.com/public/commercial-hvac/Literature/Installation%20Operation%20and%20Maintenance/UNT-SVX07Q-EN_06302025.pdf
13,Trane,FC-3-1 - FCBB0301AAYB0G20AB3A000001000PA,"33.3125"" W x 25.1875"" H x 9.875"" D",OK,"Matches UNT-SVX07Q Table 4 (Model B vertical cabinet): A=33-5/16"" size 03 / 38-5/16"" size 04; H 25-3/16""; D 9-7/8"".",,ok,,https://elibrary.tranetechnologies.com/public/commercial-hvac/Literature/Installation%20Operation%20and%20Maintenance/UNT-SVX07Q-EN_06302025.pdf
14,Trane,FC-3-2 - FCBB0301AAYB0G20AB3A000001000PA,"33.3125"" W x 25.1875"" H x 9.875"" D",OK,"Matches UNT-SVX07Q Table 4 (Model B vertical cabinet): A=33-5/16"" size 03 / 38-5/16"" size 04; H 25-3/16""; D 9-7/8"".",,ok,,https://elibrary.tranetechnologies.com/public/commercial-hvac/Literature/Installation%20Operation%20and%20Maintenance/UNT-SVX07Q-EN_06302025.pdf
15,Trane,FC-3-3 - FCBB0301AAYB0G20AB3A000001000PA,"33.3125"" W x 25.1875"" H x 9.875"" D",OK,"Matches UNT-SVX07Q Table 4 (Model B vertical cabinet): A=33-5/16"" size 03 / 38-5/16"" size 04; H 25-3/16""; D 9-7/8"".",,ok,,https://elibrary.tranetechnologies.com/public/commercial-hvac/Literature/Installation%20Operation%20and%20Maintenance/UNT-SVX07Q-EN_06302025.pdf
16,Trane,FC-4 - FCBB0401BAYB0G20AC3A000001000PA,"38.3125"" W x 25.1875"" H x 9.875"" D",OK,"Matches UNT-SVX07Q Table 4 (Model B vertical cabinet): A=33-5/16"" size 03 / 38-5/16"" size 04; H 25-3/16""; D 9-7/8"".",,ok,,https://elibrary.tranetechnologies.com/public/commercial-hvac/Literature/Installation%20Operation%20and%20Maintenance/UNT-SVX07Q-EN_06302025.pdf
17,Trane,FC-4-1 - FCBB0401BAYB0G20AC3A000001000PA,"38.3125"" W x 25.1875"" H x 9.875"" D",OK,"Matches UNT-SVX07Q Table 4 (Model B vertical cabinet): A=33-5/16"" size 03 / 38-5/16"" size 04; H 25-3/16""; D 9-7/8"".",,ok,,https://elibrary.tranetechnologies.com/public/commercial-hvac/Literature/Installation%20Operation%20and%20Maintenance/UNT-SVX07Q-EN_06302025.pdf
18,Trane,FC-5 - FCBB0401AAYB0G20AC3A000001000PA,"38.3125"" W x 25.1875"" H x 9.875"" D",OK,"Matches UNT-SVX07Q Table 4 (Model B vertical cabinet): A=33-5/16"" size 03 / 38-5/16"" size 04; H 25-3/16""; D 9-7/8"".",,ok,,https://elibrary.tranetechnologies.com/public/commercial-hvac/Literature/Installation%20Operation%20and%20Maintenance/UNT-SVX07Q-EN_06302025.pdf
19,Trane,PTEF0701GAA,"42"" W x 16"" H x 13.75"" D (sleeve)",WRONG,"Depth 13.75"" is a generic PTAC wall-sleeve depth and appears NOWHERE in the cited Trane document. Trane PTAC-PRD002A states the unit is 42"" x 16"" x 21.5"".","42"" W x 16"" H x 21.5"" D (unit)",ok,,https://www.trane.com/content/dam/Trane/Commercial/global/products-systems/equipment/ductless/PTAC/PTAC-PRD002A-EN_01262016_PD.pdf
20,Trane,PTHF1201HAA,"42"" W x 16"" H x 13.75"" D (sleeve)",WRONG,"Depth 13.75"" is a generic PTAC wall-sleeve depth and appears NOWHERE in the cited Trane document. Trane PTAC-PRD002A states the unit is 42"" x 16"" x 21.5"".","42"" W x 16"" H x 21.5"" D (unit)",ok,,https://www.trane.com/content/dam/Trane/Commercial/global/products-systems/equipment/ductless/PTAC/PTAC-PRD002A-EN_01262016_PD.pdf
21,Trane,PTEF1501HAA,"42"" W x 16"" H x 13.75"" D (sleeve)",WRONG,"Depth 13.75"" is a generic PTAC wall-sleeve depth and appears NOWHERE in the cited Trane document. Trane PTAC-PRD002A states the unit is 42"" x 16"" x 21.5"".","42"" W x 16"" H x 21.5"" D (unit)",ok,,https://www.trane.com/content/dam/Trane/Commercial/global/products-systems/equipment/ductless/PTAC/PTAC-PRD002A-EN_01262016_PD.pdf
22,Trane,PTHF1501HAA,"42"" W x 16"" H x 13.75"" D (sleeve)",WRONG,"Depth 13.75"" is a generic PTAC wall-sleeve depth and appears NOWHERE in the cited Trane document. Trane PTAC-PRD002A states the unit is 42"" x 16"" x 21.5"".","42"" W x 16"" H x 21.5"" D (unit)",ok,,https://www.trane.com/content/dam/Trane/Commercial/global/products-systems/equipment/ductless/PTAC/PTAC-PRD002A-EN_01262016_PD.pdf
23,Islandaire,HS00A241GAS44AA,"34.75"" W x 17.25"" H x 21"" D",UNSOURCED,"Islandaire EZ-series cut sheets contain performance data + accessory tables (sleeve-cabinet, coils, louvers, filters, subbases, enclosures) but NO chassis dimension table. The recorded chassis dimensions are not stated anywhere in the cited document.",,live but contains no chassis dims,Islandaire engineering manual / IOM for the series,https://islandaire.com/wp-content/uploads/2025/08/EZ-SERIES-41-CUT-SHEET.pdf
24,Islandaire,HSKF12A5Z3A16AA,"36.125"" W x 24.590"" H x 10.5-16.0"" D",MISLABELED,"These are Heat Section items but carry the EZKF WALL SLEEVE dimensions (36.125 x 24.590 x 10.5-16.0). The KF hydronic coil in the same cut sheet is 1.250"" x 39.943"" x 4.500"".",Confirm whether the heat section or the sleeve is being stocked,ok,,https://islandaire.com/wp-content/uploads/2025/08/EZKF-Series-Cut-Sheet.pdf
25,Islandaire,HSKF12A2I3A16AA,"36.125"" W x 24.590"" H x 10.5-16.0"" D",MISLABELED,"These are Heat Section items but carry the EZKF WALL SLEEVE dimensions (36.125 x 24.590 x 10.5-16.0). The KF hydronic coil in the same cut sheet is 1.250"" x 39.943"" x 4.500"".",Confirm whether the heat section or the sleeve is being stocked,ok,,https://islandaire.com/wp-content/uploads/2025/08/EZKF-Series-Cut-Sheet.pdf
26,Islandaire,HSKF16A2I3A16AA,"36.125"" W x 24.590"" H x 10.5-16.0"" D",MISLABELED,"These are Heat Section items but carry the EZKF WALL SLEEVE dimensions (36.125 x 24.590 x 10.5-16.0). The KF hydronic coil in the same cut sheet is 1.250"" x 39.943"" x 4.500"".",Confirm whether the heat section or the sleeve is being stocked,ok,,https://islandaire.com/wp-content/uploads/2025/08/EZKF-Series-Cut-Sheet.pdf
27,Islandaire,"COIL,HYD,TOP MOUNT, MX STD","20.000"" W x 2.000"" H x 3.750"" D",OK,Matches EZMX accessory table 6030051 (Islandaire lists DEPTH 20.000 / WIDTH 3.750 / HEIGHT 2.000; sheet maps long axis to W).,,ok,,https://islandaire.com/wp-content/uploads/2025/07/EZ-Series-MX-cutsheet.pdf
28,Islandaire,EZNY TOP MNT; OPPOSITE END HEATING COIL,"40.192"" W x 0.750"" H x 6.875"" D",UNSOURCED,Accessory row; not individually re-verified in this pass. Islandaire accessory tables use DEPTH|WIDTH|HEIGHT order - confirm axis mapping.,,ok,,https://islandaire.com/wp-content/uploads/2025/09/EZ-Series-NY-Cutsheet.pdf
29,Islandaire,"6030261 - COIL ASSY TOP MOUNT, SAME END, EZNY","41.000"" W x 3.500"" H x 7.000"" D",UNSOURCED,Accessory row; not individually re-verified in this pass. Islandaire accessory tables use DEPTH|WIDTH|HEIGHT order - confirm axis mapping.,,ok,,https://islandaire.com/wp-content/uploads/2025/09/EZ-Series-NY-Cutsheet.pdf
30,Islandaire,"COIL ASSY, TOP MOUNT, RM, VER2","38.500"" W x 3.840"" H x 9.000"" D",UNSOURCED,Accessory row; not individually re-verified in this pass. Islandaire accessory tables use DEPTH|WIDTH|HEIGHT order - confirm axis mapping.,,ok,,https://islandaire.com/wp-content/uploads/2025/08/EZRM-Series-Cutsheet.pdf
31,Islandaire,"6030148 - COIL,HYD,16/SINGER,W\VENT","33.442"" W x 0.750"" H x 6.000"" D",OK,Matches EZ16 accessory table 6030148 (DEPTH 33.442 / WIDTH 6.00 / HEIGHT 0.750).,,ok,,https://islandaire.com/wp-content/uploads/2025/09/EZ-Series-16-Cutsheet.pdf
32,Islandaire,"LOUVER, KA/KF, 36""","36.000"" W x 13.000"" H x 1.117"" D",UNSOURCED,Accessory row; not individually re-verified in this pass. Islandaire accessory tables use DEPTH|WIDTH|HEIGHT order - confirm axis mapping.,,ok,,https://islandaire.com/wp-content/uploads/2025/08/EZKF-Series-Cutsheet.pdf
33,Islandaire,"LOUVER, EZGS/EZNY/EZ42, EXTERNAL","42.000"" W x 15.900"" H x 1.125"" D",UNSOURCED,Accessory row; not individually re-verified in this pass. Islandaire accessory tables use DEPTH|WIDTH|HEIGHT order - confirm axis mapping.,,ok,,https://islandaire.com/wp-content/uploads/2025/07/EZGS-Series-Cutsheet.pdf
34,Islandaire,EZ15A2ADG4V,"35 7/8"" W x 16 1/4"" H x 19 3/8"" D",UNSOURCED,"Islandaire EZ-series cut sheets contain performance data + accessory tables (sleeve-cabinet, coils, louvers, filters, subbases, enclosures) but NO chassis dimension table. The recorded chassis dimensions are not stated anywhere in the cited document.",,live but contains no chassis dims,Islandaire engineering manual / IOM for the series,https://islandaire.com/wp-content/uploads/2025/07/EZ42-EZDR-Engineering-Manual-11_30_23.pdf
35,Islandaire,EZ15L2CSC1N44AA,"32"" W x 18 5/16"" H x 16.75"" D (sleeve)",UNSOURCED,Sleeve/TBD value not confirmed against a chassis table in the cited cut sheet.,,ok,,https://islandaire.com/wp-content/uploads/2025/06/EZ-Series-CS-cutsheet.pdf
36,Islandaire,EZ15KL2CSC1N44AA,"40"" W x 16"" H x 20"" D (sleeve)",UNSOURCED,Sleeve/TBD value not confirmed against a chassis table in the cited cut sheet.,,ok,,https://islandaire.com/wp-content/uploads/2025/09/EZSC-Series-Cutsheet.pdf
37,Islandaire,EZ15B4XXX1S14AA,"37.5"" W (41.5 w/ hydronic) x 16"" H x 20.375"" D (sleeve)",MISLABELED,"Values are the EZ16 SLEEVE-CABINET (verified: short 20.375 x 37.50 x 16.00; long/hydronic 20.875 x 41.50 x 16.00). Note the hydronic (41.5"" W) sleeve is 20.875"" deep, not 20.375"".","Split: 37.5""W x 16""H x 20.375""D (short) / 41.5""W x 16""H x 20.875""D (hydronic)",ok,,https://islandaire.com/wp-content/uploads/2025/09/EZ-Series-16-Cutsheet.pdf
38,Islandaire,EZ12K5EDGB,"42 5/8"" W x 14 13/16"" H x 20 3/4"" D",UNSOURCED,"Islandaire EZ-series cut sheets contain performance data + accessory tables (sleeve-cabinet, coils, louvers, filters, subbases, enclosures) but NO chassis dimension table. The recorded chassis dimensions are not stated anywhere in the cited document.",,live but contains no chassis dims,Islandaire engineering manual / IOM for the series,https://islandaire.com/wp-content/uploads/2025/09/EZ-Series-ED-Cutsheet.pdf
39,Islandaire,EZ09C2EBC1N14AA,"42 5/8"" W x 14 13/16"" H x 20 3/4"" D",UNSOURCED,"Islandaire EZ-series cut sheets contain performance data + accessory tables (sleeve-cabinet, coils, louvers, filters, subbases, enclosures) but NO chassis dimension table. The recorded chassis dimensions are not stated anywhere in the cited document.",,live but contains no chassis dims,Islandaire engineering manual / IOM for the series,https://islandaire.com/wp-content/uploads/2025/09/EZ-Series-ED-Cutsheet.pdf
40,Islandaire,EZ12C2EBC1N14AA,"42 5/8"" W x 14 13/16"" H x 20 3/4"" D",UNSOURCED,"Islandaire EZ-series cut sheets contain performance data + accessory tables (sleeve-cabinet, coils, louvers, filters, subbases, enclosures) but NO chassis dimension table. The recorded chassis dimensions are not stated anywhere in the cited document.",,live but contains no chassis dims,Islandaire engineering manual / IOM for the series,https://islandaire.com/wp-content/uploads/2025/09/EZ-Series-ED-Cutsheet.pdf
41,Islandaire,EZ12A2EDGB,"42 5/8"" W x 14 13/16"" H x 20 3/4"" D",UNSOURCED,"Islandaire EZ-series cut sheets contain performance data + accessory tables (sleeve-cabinet, coils, louvers, filters, subbases, enclosures) but NO chassis dimension table. The recorded chassis dimensions are not stated anywhere in the cited document.",,live but contains no chassis dims,Islandaire engineering manual / IOM for the series,https://islandaire.com/wp-content/uploads/2025/09/EZ-Series-ED-Cutsheet.pdf
42,Islandaire,EZ15K2EDIBS15AA,"42 5/8"" W x 14 13/16"" H x 20 3/4"" D",UNSOURCED,"Islandaire EZ-series cut sheets contain performance data + accessory tables (sleeve-cabinet, coils, louvers, filters, subbases, enclosures) but NO chassis dimension table. The recorded chassis dimensions are not stated anywhere in the cited document.",,live but contains no chassis dims,Islandaire engineering manual / IOM for the series,https://islandaire.com/wp-content/uploads/2025/09/EZ-Series-ED-Cutsheet.pdf
43,Islandaire,EZED16K2IBS45AA,"42 5/8"" W x 14 13/16"" H x 20 3/4"" D",UNSOURCED,"Islandaire EZ-series cut sheets contain performance data + accessory tables (sleeve-cabinet, coils, louvers, filters, subbases, enclosures) but NO chassis dimension table. The recorded chassis dimensions are not stated anywhere in the cited document.",,live but contains no chassis dims,Islandaire engineering manual / IOM for the series,https://islandaire.com/wp-content/uploads/2025/09/EZ-Series-ED-Cutsheet.pdf
44,Islandaire,EZ09L216C1S15AB,"34 1/4"" W x 14 1/16"" H x 21 9/16"" D",UNSOURCED,"Islandaire EZ-series cut sheets contain performance data + accessory tables (sleeve-cabinet, coils, louvers, filters, subbases, enclosures) but NO chassis dimension table. The recorded chassis dimensions are not stated anywhere in the cited document.",,live but contains no chassis dims,Islandaire engineering manual / IOM for the series,https://islandaire.com/wp-content/uploads/2025/09/EZ-Series-16-Cutsheet.pdf
45,Islandaire,EZPD12K9GAS47AA,"42.00"" W x 16.00"" H x 15.00"" D",UNSOURCED,"Islandaire EZ-series cut sheets contain performance data + accessory tables (sleeve-cabinet, coils, louvers, filters, subbases, enclosures) but NO chassis dimension table. The recorded chassis dimensions are not stated anywhere in the cited document.",,live but contains no chassis dims,Islandaire engineering manual / IOM for the series,https://islandaire.com/wp-content/uploads/2025/08/ezpd-series-cut-sheet.pdf
46,Islandaire,EZ12K9JKGAS15AA,"42"" W x 16"" H x 13.75"" D (sleeve)",UNSOURCED,Sleeve/TBD value not confirmed against a chassis table in the cited cut sheet.,,ok,,https://islandaire.com/wp-content/uploads/2025/07/EZ-Series-JK-cutsheet.pdf
47,Islandaire,EZPD16K9GBS47AA,"42.00"" W x 16.00"" H x 15.00"" D",UNSOURCED,"Islandaire EZ-series cut sheets contain performance data + accessory tables (sleeve-cabinet, coils, louvers, filters, subbases, enclosures) but NO chassis dimension table. The recorded chassis dimensions are not stated anywhere in the cited document.",,live but contains no chassis dims,Islandaire engineering manual / IOM for the series,https://islandaire.com/wp-content/uploads/2025/08/ezpd-series-cut-sheet.pdf
48,Islandaire,EZ15K9JKGAS15AA,"42"" W x 16"" H x 13.75"" D (sleeve)",UNSOURCED,Sleeve/TBD value not confirmed against a chassis table in the cited cut sheet.,,ok,,https://islandaire.com/wp-content/uploads/2025/07/EZ-Series-JK-cutsheet.pdf
49,Islandaire,EZ12C1JA,"30"" W x 14"" H x 20.31"" D (sleeve)",UNSOURCED,Sleeve/TBD value not confirmed against a chassis table in the cited cut sheet.,,ok,,https://islandaire.com/wp-content/uploads/2025/09/EZ-Series-JA-Cutsheet.pdf
50,Islandaire,EZ15A9JKG4S15AA,"42"" W x 16"" H x 13.75"" D (sleeve)",UNSOURCED,Sleeve/TBD value not confirmed against a chassis table in the cited cut sheet.,,ok,,https://islandaire.com/wp-content/uploads/2025/07/EZ-Series-JK-cutsheet.pdf
51,Islandaire,EZ09K9JAF4S14AA,"30"" W x 14"" H x 20.31"" D (sleeve)",UNSOURCED,Sleeve/TBD value not confirmed against a chassis table in the cited cut sheet.,,ok,,https://islandaire.com/wp-content/uploads/2025/09/EZ-Series-JA-Cutsheet.pdf
52,Islandaire,EZKF12L5ZBS46AL,"36.125"" W x 24.590"" H x 10.5-16.0"" D",MISLABELED,"Values are the EZKF wall-sleeve assembly range (verified: 5 sleeve depths 10.5/11.5/12/14/16 x 36.125 x 24.590) - correct for the sleeve, but these rows are cooling chassis.",Chassis dims not published in cut sheet,ok,,https://islandaire.com/wp-content/uploads/2025/08/EZKF-Series-Cutsheet.pdf
53,Islandaire,EZ12B2KFIAK14AA,"36.125"" W x 24.590"" H x 10.5-16.0"" D",MISLABELED,"Values are the EZKF wall-sleeve assembly range (verified: 5 sleeve depths 10.5/11.5/12/14/16 x 36.125 x 24.590) - correct for the sleeve, but these rows are cooling chassis.",Chassis dims not published in cut sheet,ok,,https://islandaire.com/wp-content/uploads/2025/08/EZKF-Series-Cutsheet.pdf
54,Islandaire,EZKF12L2IAS46AL,"36.125"" W x 24.590"" H x 10.5-16.0"" D",MISLABELED,"Values are the EZKF wall-sleeve assembly range (verified: 5 sleeve depths 10.5/11.5/12/14/16 x 36.125 x 24.590) - correct for the sleeve, but these rows are cooling chassis.",Chassis dims not published in cut sheet,ok,,https://islandaire.com/wp-content/uploads/2025/08/EZKF-Series-Cutsheet.pdf
55,Islandaire,EZKF12L2IBS46AL,"36.125"" W x 24.590"" H x 10.5-16.0"" D",MISLABELED,"Values are the EZKF wall-sleeve assembly range (verified: 5 sleeve depths 10.5/11.5/12/14/16 x 36.125 x 24.590) - correct for the sleeve, but these rows are cooling chassis.",Chassis dims not published in cut sheet,ok,,https://islandaire.com/wp-content/uploads/2025/08/EZKF-Series-Cutsheet.pdf
56,Islandaire,EZKF16L21BS46AZ,"36.125"" W x 24.590"" H x 10.5-16.0"" D",MISLABELED,"Values are the EZKF wall-sleeve assembly range (verified: 5 sleeve depths 10.5/11.5/12/14/16 x 36.125 x 24.590) - correct for the sleeve, but these rows are cooling chassis.",Chassis dims not published in cut sheet,ok,,https://islandaire.com/wp-content/uploads/2025/08/EZKF-Series-Cutsheet.pdf
57,Islandaire,EZ15A2KF,"36.125"" W x 24.590"" H x 10.5-16.0"" D",MISLABELED,"Values are the EZKF wall-sleeve assembly range (verified: 5 sleeve depths 10.5/11.5/12/14/16 x 36.125 x 24.590) - correct for the sleeve, but these rows are cooling chassis.",Chassis dims not published in cut sheet,ok,,https://islandaire.com/wp-content/uploads/2025/07/EZ42-EZDR-Engineering-Manual-11_30_23.pdf
58,Islandaire,EZKF16L2IAS46AL,"36.125"" W x 24.590"" H x 10.5-16.0"" D",MISLABELED,"Values are the EZKF wall-sleeve assembly range (verified: 5 sleeve depths 10.5/11.5/12/14/16 x 36.125 x 24.590) - correct for the sleeve, but these rows are cooling chassis.",Chassis dims not published in cut sheet,ok,,https://islandaire.com/wp-content/uploads/2025/08/EZKF-Series-Cutsheet.pdf
59,Islandaire,EZKF16L2IBS46AL,"36.125"" W x 24.590"" H x 10.5-16.0"" D",MISLABELED,"Values are the EZKF wall-sleeve assembly range (verified: 5 sleeve depths 10.5/11.5/12/14/16 x 36.125 x 24.590) - correct for the sleeve, but these rows are cooling chassis.",Chassis dims not published in cut sheet,ok,,https://islandaire.com/wp-content/uploads/2025/08/EZKF-Series-Cutsheet.pdf
60,Islandaire,EZ07A5MXZBS14AA,"26 5/16"" W x 15 13/16"" H x 20 5/8"" D",UNSOURCED,"Islandaire EZ-series cut sheets contain performance data + accessory tables (sleeve-cabinet, coils, louvers, filters, subbases, enclosures) but NO chassis dimension table. The recorded chassis dimensions are not stated anywhere in the cited document.",,live but contains no chassis dims,Islandaire engineering manual / IOM for the series,https://islandaire.com/wp-content/uploads/2025/07/EZ-Series-MX-cutsheet.pdf
61,Islandaire,EZ07K5MXZBS14AA,"26 5/16"" W x 15 13/16"" H x 20 5/8"" D",UNSOURCED,"Islandaire EZ-series cut sheets contain performance data + accessory tables (sleeve-cabinet, coils, louvers, filters, subbases, enclosures) but NO chassis dimension table. The recorded chassis dimensions are not stated anywhere in the cited document.",,live but contains no chassis dims,Islandaire engineering manual / IOM for the series,https://islandaire.com/wp-content/uploads/2025/07/EZ-Series-MX-cutsheet.pdf
62,Islandaire,EZ09L5MXY1S14AA,"26 5/16"" W x 15 13/16"" H x 20 5/8"" D",UNSOURCED,"Islandaire EZ-series cut sheets contain performance data + accessory tables (sleeve-cabinet, coils, louvers, filters, subbases, enclosures) but NO chassis dimension table. The recorded chassis dimensions are not stated anywhere in the cited document.",,live but contains no chassis dims,Islandaire engineering manual / IOM for the series,https://islandaire.com/wp-content/uploads/2025/07/EZ-Series-MX-cutsheet.pdf
63,Islandaire,EZ12K1MXFBS14AA,"26 5/16"" W x 15 13/16"" H x 20 5/8"" D",UNSOURCED,"Islandaire EZ-series cut sheets contain performance data + accessory tables (sleeve-cabinet, coils, louvers, filters, subbases, enclosures) but NO chassis dimension table. The recorded chassis dimensions are not stated anywhere in the cited document.",,live but contains no chassis dims,Islandaire engineering manual / IOM for the series,https://islandaire.com/wp-content/uploads/2025/07/EZ42-EZDR-Engineering-Manual-11_30_23.pdf
64,Islandaire,EZ12K5MXZBS14AA,"26 5/16"" W x 15 13/16"" H x 20 5/8"" D",UNSOURCED,"Islandaire EZ-series cut sheets contain performance data + accessory tables (sleeve-cabinet, coils, louvers, filters, subbases, enclosures) but NO chassis dimension table. The recorded chassis dimensions are not stated anywhere in the cited document.",,live but contains no chassis dims,Islandaire engineering manual / IOM for the series,https://islandaire.com/wp-content/uploads/2025/07/EZ-Series-MX-cutsheet.pdf
65,Islandaire,EZ12K1MXZBS14AA,"26 5/16"" W x 15 13/16"" H x 20 5/8"" D",UNSOURCED,"Islandaire EZ-series cut sheets contain performance data + accessory tables (sleeve-cabinet, coils, louvers, filters, subbases, enclosures) but NO chassis dimension table. The recorded chassis dimensions are not stated anywhere in the cited document.",,live but contains no chassis dims,Islandaire engineering manual / IOM for the series,https://islandaire.com/wp-content/uploads/2025/07/EZ-Series-MX-cutsheet.pdf
66,Islandaire,EZ09K2MXIBS14AA,"26 5/16"" W x 15 13/16"" H x 20 5/8"" D",UNSOURCED,"Islandaire EZ-series cut sheets contain performance data + accessory tables (sleeve-cabinet, coils, louvers, filters, subbases, enclosures) but NO chassis dimension table. The recorded chassis dimensions are not stated anywhere in the cited document.",,live but contains no chassis dims,Islandaire engineering manual / IOM for the series,https://islandaire.com/wp-content/uploads/2025/07/EZ-Series-MX-cutsheet.pdf
67,Islandaire,EZ12K2MXIBS10AA,"26 5/16"" W x 15 13/16"" H x 20 5/8"" D",UNSOURCED,"Islandaire EZ-series cut sheets contain performance data + accessory tables (sleeve-cabinet, coils, louvers, filters, subbases, enclosures) but NO chassis dimension table. The recorded chassis dimensions are not stated anywhere in the cited document.",,live but contains no chassis dims,Islandaire engineering manual / IOM for the series,https://islandaire.com/wp-content/uploads/2025/07/EZ-Series-MX-cutsheet.pdf
68,Islandaire,EZ12A2MXI2S14AA,"26 5/16"" W x 15 13/16"" H x 20 5/8"" D",UNSOURCED,"Islandaire EZ-series cut sheets contain performance data + accessory tables (sleeve-cabinet, coils, louvers, filters, subbases, enclosures) but NO chassis dimension table. The recorded chassis dimensions are not stated anywhere in the cited document.",,live but contains no chassis dims,Islandaire engineering manual / IOM for the series,https://islandaire.com/wp-content/uploads/2025/07/EZ-Series-MX-cutsheet.pdf
69,Islandaire,EZ12K2MXIBS14AA,"26 5/16"" W x 15 13/16"" H x 20 5/8"" D",UNSOURCED,"Islandaire EZ-series cut sheets contain performance data + accessory tables (sleeve-cabinet, coils, louvers, filters, subbases, enclosures) but NO chassis dimension table. The recorded chassis dimensions are not stated anywhere in the cited document.",,live but contains no chassis dims,Islandaire engineering manual / IOM for the series,https://islandaire.com/wp-content/uploads/2025/07/EZ-Series-MX-cutsheet.pdf
70,Islandaire,EZ12L2MXIBS10AA,"26 5/16"" W x 15 13/16"" H x 20 5/8"" D",UNSOURCED,"Islandaire EZ-series cut sheets contain performance data + accessory tables (sleeve-cabinet, coils, louvers, filters, subbases, enclosures) but NO chassis dimension table. The recorded chassis dimensions are not stated anywhere in the cited document.",,live but contains no chassis dims,Islandaire engineering manual / IOM for the series,https://islandaire.com/wp-content/uploads/2025/07/EZ-Series-MX-cutsheet.pdf
71,Islandaire,EZ15K2MXIBS10AA,"26 5/16"" W x 15 13/16"" H x 20 5/8"" D",UNSOURCED,"Islandaire EZ-series cut sheets contain performance data + accessory tables (sleeve-cabinet, coils, louvers, filters, subbases, enclosures) but NO chassis dimension table. The recorded chassis dimensions are not stated anywhere in the cited document.",,live but contains no chassis dims,Islandaire engineering manual / IOM for the series,https://islandaire.com/wp-content/uploads/2025/07/EZ-Series-MX-cutsheet.pdf
72,Islandaire,EZ15K2MXIBS14AA,"26 5/16"" W x 15 13/16"" H x 20 5/8"" D",UNSOURCED,"Islandaire EZ-series cut sheets contain performance data + accessory tables (sleeve-cabinet, coils, louvers, filters, subbases, enclosures) but NO chassis dimension table. The recorded chassis dimensions are not stated anywhere in the cited document.",,live but contains no chassis dims,Islandaire engineering manual / IOM for the series,https://islandaire.com/wp-content/uploads/2025/07/EZ-Series-MX-cutsheet.pdf
73,Islandaire,EZ15L2MXIBS10AA,"26 5/16"" W x 15 13/16"" H x 20 5/8"" D",UNSOURCED,"Islandaire EZ-series cut sheets contain performance data + accessory tables (sleeve-cabinet, coils, louvers, filters, subbases, enclosures) but NO chassis dimension table. The recorded chassis dimensions are not stated anywhere in the cited document.",,live but contains no chassis dims,Islandaire engineering manual / IOM for the series,https://islandaire.com/wp-content/uploads/2025/07/EZ-Series-MX-cutsheet.pdf
74,Islandaire,EZPD09L5ZBS17AA,"42.00"" W x 16.00"" H x 15.00"" D",UNSOURCED,"Islandaire EZ-series cut sheets contain performance data + accessory tables (sleeve-cabinet, coils, louvers, filters, subbases, enclosures) but NO chassis dimension table. The recorded chassis dimensions are not stated anywhere in the cited document.",,live but contains no chassis dims,Islandaire engineering manual / IOM for the series,https://islandaire.com/wp-content/uploads/2025/08/ezpd-series-cut-sheet.pdf
75,Islandaire,EZPD12L5YBS17AA,"42.00"" W x 16.00"" H x 15.00"" D",UNSOURCED,"Islandaire EZ-series cut sheets contain performance data + accessory tables (sleeve-cabinet, coils, louvers, filters, subbases, enclosures) but NO chassis dimension table. The recorded chassis dimensions are not stated anywhere in the cited document.",,live but contains no chassis dims,Islandaire engineering manual / IOM for the series,https://islandaire.com/wp-content/uploads/2025/08/ezpd-series-cut-sheet.pdf
76,Islandaire,EZPD12L1QBS17AA,"42.00"" W x 16.00"" H x 15.00"" D",UNSOURCED,"Islandaire EZ-series cut sheets contain performance data + accessory tables (sleeve-cabinet, coils, louvers, filters, subbases, enclosures) but NO chassis dimension table. The recorded chassis dimensions are not stated anywhere in the cited document.",,live but contains no chassis dims,Islandaire engineering manual / IOM for the series,https://islandaire.com/wp-content/uploads/2025/08/ezpd-series-cut-sheet.pdf
77,Islandaire,EZPD09L9HBS17AA,"42.00"" W x 16.00"" H x 15.00"" D",UNSOURCED,"Islandaire EZ-series cut sheets contain performance data + accessory tables (sleeve-cabinet, coils, louvers, filters, subbases, enclosures) but NO chassis dimension table. The recorded chassis dimensions are not stated anywhere in the cited document.",,live but contains no chassis dims,Islandaire engineering manual / IOM for the series,https://islandaire.com/wp-content/uploads/2025/08/ezpd-series-cut-sheet.pdf
78,Islandaire,EZPD12L9GBS17AA,"42.00"" W x 16.00"" H x 15.00"" D",UNSOURCED,"Islandaire EZ-series cut sheets contain performance data + accessory tables (sleeve-cabinet, coils, louvers, filters, subbases, enclosures) but NO chassis dimension table. The recorded chassis dimensions are not stated anywhere in the cited document.",,live but contains no chassis dims,Islandaire engineering manual / IOM for the series,https://islandaire.com/wp-content/uploads/2025/08/ezpd-series-cut-sheet.pdf
79,Islandaire,EZPD12L2IBS17AA,"42.00"" W x 16.00"" H x 15.00"" D",UNSOURCED,"Islandaire EZ-series cut sheets contain performance data + accessory tables (sleeve-cabinet, coils, louvers, filters, subbases, enclosures) but NO chassis dimension table. The recorded chassis dimensions are not stated anywhere in the cited document.",,live but contains no chassis dims,Islandaire engineering manual / IOM for the series,https://islandaire.com/wp-content/uploads/2025/08/ezpd-series-cut-sheet.pdf
80,Islandaire,EZPD16K9GBS17AA,"42.00"" W x 16.00"" H x 15.00"" D",UNSOURCED,"Islandaire EZ-series cut sheets contain performance data + accessory tables (sleeve-cabinet, coils, louvers, filters, subbases, enclosures) but NO chassis dimension table. The recorded chassis dimensions are not stated anywhere in the cited document.",,live but contains no chassis dims,Islandaire engineering manual / IOM for the series,https://islandaire.com/wp-content/uploads/2025/08/ezpd-series-cut-sheet.pdf
81,Islandaire,EZPD16L9HBS10AA,"42.00"" W x 16.00"" H x 15.00"" D",UNSOURCED,"Islandaire EZ-series cut sheets contain performance data + accessory tables (sleeve-cabinet, coils, louvers, filters, subbases, enclosures) but NO chassis dimension table. The recorded chassis dimensions are not stated anywhere in the cited document.",,live but contains no chassis dims,Islandaire engineering manual / IOM for the series,https://islandaire.com/wp-content/uploads/2025/08/ezpd-series-cut-sheet.pdf
82,Islandaire,EZPD16L2IBS17AA,"42.00"" W x 16.00"" H x 15.00"" D",UNSOURCED,"Islandaire EZ-series cut sheets contain performance data + accessory tables (sleeve-cabinet, coils, louvers, filters, subbases, enclosures) but NO chassis dimension table. The recorded chassis dimensions are not stated anywhere in the cited document.",,live but contains no chassis dims,Islandaire engineering manual / IOM for the series,https://islandaire.com/wp-content/uploads/2025/08/ezpd-series-cut-sheet.pdf
83,Islandaire,EZPD16K2IBS17AA,"42.00"" W x 16.00"" H x 15.00"" D",UNSOURCED,"Islandaire EZ-series cut sheets contain performance data + accessory tables (sleeve-cabinet, coils, louvers, filters, subbases, enclosures) but NO chassis dimension table. The recorded chassis dimensions are not stated anywhere in the cited document.",,live but contains no chassis dims,Islandaire engineering manual / IOM for the series,https://islandaire.com/wp-content/uploads/2025/07/EZ42-EZDR-Engineering-Manual-11_30_23.pdf
84,Islandaire,EZRK09K5GAS16AL,"37 3/4"" W x 15 5/8"" H x 25 3/8"" D",UNSOURCED,"Islandaire EZ-series cut sheets contain performance data + accessory tables (sleeve-cabinet, coils, louvers, filters, subbases, enclosures) but NO chassis dimension table. The recorded chassis dimensions are not stated anywhere in the cited document.",,live but contains no chassis dims,Islandaire engineering manual / IOM for the series,https://islandaire.com/wp-content/uploads/2025/08/EZRK-SERIES-CUT-SHEET.pdf
85,Islandaire,EZRK12A5GAS16AL,"37 3/4"" W x 15 5/8"" H x 25 3/8"" D",UNSOURCED,"Islandaire EZ-series cut sheets contain performance data + accessory tables (sleeve-cabinet, coils, louvers, filters, subbases, enclosures) but NO chassis dimension table. The recorded chassis dimensions are not stated anywhere in the cited document.",,live but contains no chassis dims,Islandaire engineering manual / IOM for the series,https://islandaire.com/wp-content/uploads/2025/08/EZRK-SERIES-CUT-SHEET.pdf
86,Islandaire,EZ12L5RKZBS15AL,"37 3/4"" W x 15 5/8"" H x 25 3/8"" D",DEAD LINK,"islandaire.com/products/ez-series/ redirects to a marketing blog post (""EZ Series 42 now AHRI certified""), not a cut sheet.",,soft redirect,Series-specific Islandaire cut sheet (RK / RM / WM),https://islandaire.com/products/ez-series/
87,Islandaire,EZRK12L5ZBS16AL,"37 3/4"" W x 15 5/8"" H x 25 3/8"" D",UNSOURCED,"Islandaire EZ-series cut sheets contain performance data + accessory tables (sleeve-cabinet, coils, louvers, filters, subbases, enclosures) but NO chassis dimension table. The recorded chassis dimensions are not stated anywhere in the cited document.",,live but contains no chassis dims,Islandaire engineering manual / IOM for the series,https://islandaire.com/wp-content/uploads/2025/08/EZRK-SERIES-CUT-SHEET.pdf
88,Islandaire,EZRK12A9GAS16AB,"37 3/4"" W x 15 5/8"" H x 25 3/8"" D",UNSOURCED,Sleeve/TBD value not confirmed against a chassis table in the cited cut sheet.,,ok,,https://islandaire.com/wp-content/uploads/2025/07/EZ-Series-RB-cutsheet.pdf
89,Islandaire,EZRK12L2IBS16AL,"37 3/4"" W x 15 5/8"" H x 25 3/8"" D",UNSOURCED,"Islandaire EZ-series cut sheets contain performance data + accessory tables (sleeve-cabinet, coils, louvers, filters, subbases, enclosures) but NO chassis dimension table. The recorded chassis dimensions are not stated anywhere in the cited document.",,live but contains no chassis dims,Islandaire engineering manual / IOM for the series,https://islandaire.com/wp-content/uploads/2025/08/EZRK-SERIES-CUT-SHEET.pdf
90,Islandaire,EZ15A2RK,"37 3/4"" W x 15 5/8"" H x 25 3/8"" D",UNSOURCED,Sleeve/TBD value not confirmed against a chassis table in the cited cut sheet.,,ok,,https://islandaire.com/wp-content/uploads/2025/07/EZ-Series-RB-cutsheet.pdf
91,Islandaire,EZRK16L2IBS16AL,"37 3/4"" W x 15 5/8"" H x 25 3/8"" D",UNSOURCED,"Islandaire EZ-series cut sheets contain performance data + accessory tables (sleeve-cabinet, coils, louvers, filters, subbases, enclosures) but NO chassis dimension table. The recorded chassis dimensions are not stated anywhere in the cited document.",,live but contains no chassis dims,Islandaire engineering manual / IOM for the series,https://islandaire.com/wp-content/uploads/2025/08/EZRK-SERIES-CUT-SHEET.pdf
92,Islandaire,EZRM09K5G2N16AB,"36"" W x 16"" H x 11.375"" D (sleeve)",DEAD LINK,"islandaire.com/products/ez-series/ redirects to a marketing blog post (""EZ Series 42 now AHRI certified""), not a cut sheet.",,soft redirect,Series-specific Islandaire cut sheet (RK / RM / WM),https://islandaire.com/products/ez-series/
93,Islandaire,EZRM12L5ZBS16AL,"36"" W x 16"" H x 11.375"" D (sleeve)",UNSOURCED,Sleeve/TBD value not confirmed against a chassis table in the cited cut sheet.,,ok,,https://islandaire.com/wp-content/uploads/2025/08/EZRM-Series-Cutsheet.pdf
94,Islandaire,EZ12A2RM,"36"" W x 16"" H x 11.375"" D (sleeve)",DEAD LINK,Cited URL 404s (EZ-Series-RM-cutsheet.pdf).,,404,"https://islandaire.com/wp-content/uploads/2025/08/EZRM-Series-Cutsheet.pdf (live, already used by rows 93/96/97/98)",https://islandaire.com/wp-content/uploads/2025/07/EZ-Series-RM-cutsheet.pdf
95,Islandaire,EZRM12A9,"36"" W x 16"" H x 11.375"" D (sleeve)",DEAD LINK,Cited URL 404s (EZ-Series-RM-cutsheet.pdf).,,404,"https://islandaire.com/wp-content/uploads/2025/08/EZRM-Series-Cutsheet.pdf (live, already used by rows 93/96/97/98)",https://islandaire.com/wp-content/uploads/2025/07/EZ-Series-RM-cutsheet.pdf
96,Islandaire,EZRM12L2IBS16AL,"36"" W x 16"" H x 11.375"" D (sleeve)",UNSOURCED,Sleeve/TBD value not confirmed against a chassis table in the cited cut sheet.,,ok,,https://islandaire.com/wp-content/uploads/2025/08/EZRM-Series-Cutsheet.pdf
97,Islandaire,EZRM16L2IAS15AA,"36"" W x 16"" H x 11.375"" D (sleeve)",UNSOURCED,Sleeve/TBD value not confirmed against a chassis table in the cited cut sheet.,,ok,,https://islandaire.com/wp-content/uploads/2025/08/EZRM-Series-Cutsheet.pdf
98,Islandaire,EZRM16L2IBS16AL,"36"" W x 16"" H x 11.375"" D (sleeve)",UNSOURCED,Sleeve/TBD value not confirmed against a chassis table in the cited cut sheet.,,ok,,https://islandaire.com/wp-content/uploads/2025/08/EZRM-Series-Cutsheet.pdf
99,Islandaire,EZRM16A9GBS,"36"" W x 16"" H x 11.375"" D (sleeve)",DEAD LINK,Cited URL 404s (EZ-Series-RM-cutsheet.pdf).,,404,"https://islandaire.com/wp-content/uploads/2025/08/EZRM-Series-Cutsheet.pdf (live, already used by rows 93/96/97/98)",https://islandaire.com/wp-content/uploads/2025/07/EZ-Series-RM-cutsheet.pdf
100,Islandaire,EZCM12K2IAS16AL,"36"" W x 16"" H x 11.0-21.375"" D (sleeve)",UNSOURCED,Sleeve/TBD value not confirmed against a chassis table in the cited cut sheet.,,ok,,https://islandaire.com/wp-content/uploads/2025/08/ezcm-series-cut-sheet.pdf
101,Islandaire,EZ12K1RTGAS15AB,"41.81"" W x 16"" H x 18.688"" D (sleeve)",UNSOURCED,Sleeve/TBD value not confirmed against a chassis table in the cited cut sheet.,,ok,,https://islandaire.com/wp-content/uploads/2025/08/EZ-SERIES-RT-CUT-SHEET.pdf
102,Islandaire,EZ12K5RTGAS15AB,"41.81"" W x 16"" H x 18.688"" D (sleeve)",UNSOURCED,Sleeve/TBD value not confirmed against a chassis table in the cited cut sheet.,,ok,,https://islandaire.com/wp-content/uploads/2025/07/EZ42-EZDR-Engineering-Manual-11_30_23.pdf
103,Islandaire,EZ15K9RTGAS15AB,"41.81"" W x 16"" H x 18.688"" D (sleeve)",UNSOURCED,Sleeve/TBD value not confirmed against a chassis table in the cited cut sheet.,,ok,,https://islandaire.com/wp-content/uploads/2025/08/EZ-SERIES-RT-CUT-SHEET.pdf
104,Islandaire,EZ2609A5,"26"" W x 16"" H x 16.875"" D (sleeve)",UNSOURCED,Sleeve/TBD value not confirmed against a chassis table in the cited cut sheet.,,ok,,https://islandaire.com/wp-content/uploads/2025/07/ez26-series-cutsheet.pdf
105,Islandaire,EZ2612A9A1S41AA,"26"" W x 16"" H x 16.875"" D (sleeve)",UNSOURCED,Sleeve/TBD value not confirmed against a chassis table in the cited cut sheet.,,ok,,https://islandaire.com/wp-content/uploads/2025/07/ez26-series-cutsheet.pdf
106,Islandaire,EZ09K516,"34 1/4"" W x 14 1/16"" H x 21 9/16"" D",UNSOURCED,"Islandaire EZ-series cut sheets contain performance data + accessory tables (sleeve-cabinet, coils, louvers, filters, subbases, enclosures) but NO chassis dimension table. The recorded chassis dimensions are not stated anywhere in the cited document.",,live but contains no chassis dims,Islandaire engineering manual / IOM for the series,https://islandaire.com/wp-content/uploads/2025/09/EZ-Series-16-Cutsheet.pdf
107,Islandaire,EZ12K516GBS15AA,"34 1/4"" W x 14 1/16"" H x 21 9/16"" D",UNSOURCED,"Islandaire EZ-series cut sheets contain performance data + accessory tables (sleeve-cabinet, coils, louvers, filters, subbases, enclosures) but NO chassis dimension table. The recorded chassis dimensions are not stated anywhere in the cited document.",,live but contains no chassis dims,Islandaire engineering manual / IOM for the series,https://islandaire.com/wp-content/uploads/2025/09/EZ-Series-16-Cutsheet.pdf
108,Islandaire,EZ12L516ZBS15AA,"34 1/4"" W x 14 1/16"" H x 21 9/16"" D",UNSOURCED,"Islandaire EZ-series cut sheets contain performance data + accessory tables (sleeve-cabinet, coils, louvers, filters, subbases, enclosures) but NO chassis dimension table. The recorded chassis dimensions are not stated anywhere in the cited document.",,live but contains no chassis dims,Islandaire engineering manual / IOM for the series,https://islandaire.com/wp-content/uploads/2025/09/EZ-Series-16-Cutsheet.pdf
109,Islandaire,EZ12L516GBS15AA,"34 1/4"" W x 14 1/16"" H x 21 9/16"" D",UNSOURCED,"Islandaire EZ-series cut sheets contain performance data + accessory tables (sleeve-cabinet, coils, louvers, filters, subbases, enclosures) but NO chassis dimension table. The recorded chassis dimensions are not stated anywhere in the cited document.",,live but contains no chassis dims,Islandaire engineering manual / IOM for the series,https://islandaire.com/wp-content/uploads/2025/09/EZ-Series-16-Cutsheet.pdf
110,Islandaire,EZ12L116ZBS15AA,"34 1/4"" W x 14 1/16"" H x 21 9/16"" D",UNSOURCED,"Islandaire EZ-series cut sheets contain performance data + accessory tables (sleeve-cabinet, coils, louvers, filters, subbases, enclosures) but NO chassis dimension table. The recorded chassis dimensions are not stated anywhere in the cited document.",,live but contains no chassis dims,Islandaire engineering manual / IOM for the series,https://islandaire.com/wp-content/uploads/2025/09/EZ-Series-16-Cutsheet.pdf
111,Islandaire,EZ09K916GAS15AB,"34 1/4"" W x 14 1/16"" H x 21 9/16"" D",UNSOURCED,"Islandaire EZ-series cut sheets contain performance data + accessory tables (sleeve-cabinet, coils, louvers, filters, subbases, enclosures) but NO chassis dimension table. The recorded chassis dimensions are not stated anywhere in the cited document.",,live but contains no chassis dims,Islandaire engineering manual / IOM for the series,https://islandaire.com/wp-content/uploads/2025/09/EZ-Series-16-Cutsheet.pdf
112,Islandaire,EZ09L216IBS15AB,"34 1/4"" W x 14 1/16"" H x 21 9/16"" D",DEAD LINK,"airdistributors.com link returns a bot-challenge (HTTP 202, 227-byte HTML), not a PDF.",,blocked/202,https://islandaire.com/wp-content/uploads/2025/09/EZ-Series-16-Cutsheet.pdf,https://www.airdistributors.com/wp-content/uploads/2026/03/2025_16_BROCHURE_AD.pdf
113,Islandaire,EZ12L216IBS15AA,"34 1/4"" W x 14 1/16"" H x 21 9/16"" D",UNSOURCED,"Islandaire EZ-series cut sheets contain performance data + accessory tables (sleeve-cabinet, coils, louvers, filters, subbases, enclosures) but NO chassis dimension table. The recorded chassis dimensions are not stated anywhere in the cited document.",,live but contains no chassis dims,Islandaire engineering manual / IOM for the series,https://islandaire.com/wp-content/uploads/2025/09/EZ-Series-16-Cutsheet.pdf
114,Islandaire,EZ15K916G4S15AA,"34 1/4"" W x 14 1/16"" H x 21 9/16"" D",UNSOURCED,"Islandaire EZ-series cut sheets contain performance data + accessory tables (sleeve-cabinet, coils, louvers, filters, subbases, enclosures) but NO chassis dimension table. The recorded chassis dimensions are not stated anywhere in the cited document.",,live but contains no chassis dims,Islandaire engineering manual / IOM for the series,https://islandaire.com/wp-content/uploads/2025/09/EZ-Series-16-Cutsheet.pdf
115,Islandaire,EZ15K916GAS15AA,"34 1/4"" W x 14 1/16"" H x 21 9/16"" D",UNSOURCED,"Islandaire EZ-series cut sheets contain performance data + accessory tables (sleeve-cabinet, coils, louvers, filters, subbases, enclosures) but NO chassis dimension table. The recorded chassis dimensions are not stated anywhere in the cited document.",,live but contains no chassis dims,Islandaire engineering manual / IOM for the series,https://islandaire.com/wp-content/uploads/2025/09/EZ-Series-16-Cutsheet.pdf
116,Islandaire,EZ15L216IBS15AA,"34 1/4"" W x 14 1/16"" H x 21 9/16"" D",UNSOURCED,"Islandaire EZ-series cut sheets contain performance data + accessory tables (sleeve-cabinet, coils, louvers, filters, subbases, enclosures) but NO chassis dimension table. The recorded chassis dimensions are not stated anywhere in the cited document.",,live but contains no chassis dims,Islandaire engineering manual / IOM for the series,https://islandaire.com/wp-content/uploads/2025/09/EZ-Series-16-Cutsheet.pdf
117,Islandaire,EZ15B481AXS14AA,"34 1/4"" W x 14 1/16"" H x 21 9/16"" D",UNSOURCED,"Islandaire EZ-series cut sheets contain performance data + accessory tables (sleeve-cabinet, coils, louvers, filters, subbases, enclosures) but NO chassis dimension table. The recorded chassis dimensions are not stated anywhere in the cited document.",,live but contains no chassis dims,Islandaire engineering manual / IOM for the series,https://islandaire.com/wp-content/uploads/2025/09/EZ-Series-16-Cutsheet.pdf
118,Islandaire,EZ15B4LRAXN14AA,"34 1/4"" W x 14 1/16"" H x 21 9/16"" D",UNSOURCED,"Islandaire EZ-series cut sheets contain performance data + accessory tables (sleeve-cabinet, coils, louvers, filters, subbases, enclosures) but NO chassis dimension table. The recorded chassis dimensions are not stated anywhere in the cited document.",,live but contains no chassis dims,Islandaire engineering manual / IOM for the series,https://islandaire.com/wp-content/uploads/2025/09/EZ-Series-16-Cutsheet.pdf
119,Islandaire,EZ15B4WMA1S14AA,"37 13/16"" W x 24 13/16"" H x 10 3/16"" D",DEAD LINK,"islandaire.com/products/ez-series/ redirects to a marketing blog post (""EZ Series 42 now AHRI certified""), not a cut sheet.",,soft redirect,Series-specific Islandaire cut sheet (RK / RM / WM),https://islandaire.com/products/ez-series/
120,Islandaire,EZ09A1WCG7N10AA,"12 3/16"" W x 20 7/16"" H x depth TBD (sleeve)",UNSOURCED,Sleeve/TBD value not confirmed against a chassis table in the cited cut sheet.,,ok,,https://islandaire.com/wp-content/uploads/2025/10/EZ-Series-WC-cut-sheet.pdf
121,Islandaire,EZ09K5WCG7N14AA,"12 3/16"" W x 20 7/16"" H x depth TBD (sleeve)",UNSOURCED,Sleeve/TBD value not confirmed against a chassis table in the cited cut sheet.,,ok,,https://islandaire.com/wp-content/uploads/2025/10/EZ-Series-WC-cut-sheet.pdf
122,Islandaire,EZ12K5CKGAS14AA,"30 15/16"" W x 17 1/16"" H x 19 5/16"" D",DEAD LINK,Cited URL 404s (EZ-Series-CK-Cutsheet.pdf - capitalised variant).,,404,"https://islandaire.com/wp-content/uploads/2025/06/EZ-Series-CK-cutsheet.pdf (live, already used by rows 124/125)",https://islandaire.com/wp-content/uploads/2025/08/EZ-Series-CK-Cutsheet.pdf
123,Islandaire,EZ12K5WLG3S44AA,"30 15/16"" W x 17 1/16"" H x 19 5/16"" D",UNSOURCED,"Islandaire EZ-series cut sheets contain performance data + accessory tables (sleeve-cabinet, coils, louvers, filters, subbases, enclosures) but NO chassis dimension table. The recorded chassis dimensions are not stated anywhere in the cited document.",,live but contains no chassis dims,Islandaire engineering manual / IOM for the series,https://islandaire.com/wp-content/uploads/2025/10/EZ-Series-WL-cut-sheet.pdf
124,Islandaire,EZ12K1CKGAS14AA,"30 15/16"" W x 17 1/16"" H x 19 5/16"" D",UNSOURCED,"Islandaire EZ-series cut sheets contain performance data + accessory tables (sleeve-cabinet, coils, louvers, filters, subbases, enclosures) but NO chassis dimension table. The recorded chassis dimensions are not stated anywhere in the cited document.",,live but contains no chassis dims,Islandaire engineering manual / IOM for the series,https://islandaire.com/wp-content/uploads/2025/06/EZ-Series-CK-cutsheet.pdf
125,Islandaire,EZ12A9CKGAS14AA,"30 15/16"" W x 17 1/16"" H x 19 5/16"" D",UNSOURCED,"Islandaire EZ-series cut sheets contain performance data + accessory tables (sleeve-cabinet, coils, louvers, filters, subbases, enclosures) but NO chassis dimension table. The recorded chassis dimensions are not stated anywhere in the cited document.",,live but contains no chassis dims,Islandaire engineering manual / IOM for the series,https://islandaire.com/wp-content/uploads/2025/06/EZ-Series-CK-cutsheet.pdf
126,Islandaire,EZ12K2CKGAS14AA,"30 15/16"" W x 17 1/16"" H x 19 5/16"" D",DEAD LINK,Cited URL 404s (EZ-Series-CK-Cutsheet.pdf - capitalised variant).,,404,"https://islandaire.com/wp-content/uploads/2025/06/EZ-Series-CK-cutsheet.pdf (live, already used by rows 124/125)",https://islandaire.com/wp-content/uploads/2025/08/EZ-Series-CK-Cutsheet.pdf
127,Islandaire,EZ15K9CKGAS14AA,"30 15/16"" W x 17 1/16"" H x 19 5/16"" D",UNSOURCED,"Islandaire EZ-series cut sheets contain performance data + accessory tables (sleeve-cabinet, coils, louvers, filters, subbases, enclosures) but NO chassis dimension table. The recorded chassis dimensions are not stated anywhere in the cited document.",,live but contains no chassis dims,Islandaire engineering manual / IOM for the series,https://islandaire.com/wp-content/uploads/2025/09/EZ-Series-16-Cutsheet.pdf
128,Islandaire,EZ15K9CKA1S14AA,"30 15/16"" W x 17 1/16"" H x 19 5/16"" D",UNSOURCED,"Islandaire EZ-series cut sheets contain performance data + accessory tables (sleeve-cabinet, coils, louvers, filters, subbases, enclosures) but NO chassis dimension table. The recorded chassis dimensions are not stated anywhere in the cited document.",,live but contains no chassis dims,Islandaire engineering manual / IOM for the series,https://islandaire.com/wp-content/uploads/2025/06/EZ-Series-CK-cutsheet.pdf
129,Islandaire,"WALL SLEEVE ASSY, KA/KF, 11.5""","36.125"" W x 24.590"" H x 11.500"" D",OK,Matches EZKF wall sleeve assembly 2400031-06 (11.500 x 36.125 x 24.590).,,ok,,https://islandaire.com/wp-content/uploads/2025/08/EZKF-Series-Cutsheet.pdf
130,Islandaire,"WALL SLEEVE,42X16X13.75 STD BREAK DOWN","42.000"" W x 16.000"" H x 13.750"" D",OK,Self-describing part (42x16x13.75 standard break-down wall sleeve).,,ok,,https://islandaire.com/wp-content/uploads/2025/07/ez42-series-cutsheet.pdf
131,Islandaire,EZ2612L2C2S46AA,"26"" W x 16"" H x 16.875"" D (sleeve)",UNSOURCED,"Islandaire EZ-series cut sheets contain performance data + accessory tables (sleeve-cabinet, coils, louvers, filters, subbases, enclosures) but NO chassis dimension table. The recorded chassis dimensions are not stated anywhere in the cited document.",,live but contains no chassis dims,Islandaire engineering manual / IOM for the series,https://islandaire.com/wp-content/uploads/2025/07/ez26-series-cutsheet.pdf
132,Islandaire,EZ42122231546AA,"42"" W x 16"" H x 13.75"" D (sleeve)",UNSOURCED,"Islandaire EZ-series cut sheets contain performance data + accessory tables (sleeve-cabinet, coils, louvers, filters, subbases, enclosures) but NO chassis dimension table. The recorded chassis dimensions are not stated anywhere in the cited document.",,live but contains no chassis dims,Islandaire engineering manual / IOM for the series,https://islandaire.com/wp-content/uploads/2025/07/EZ42-EZDR-Engineering-Manual-11_30_23.pdf
133,Islandaire,EZ4V122231S46AA,"23"" W x 23"" H x depth TBD (sleeve)",WRONG,"Product misclassified. EZ4V is NOT a Vert-I-Pak vertical stack - the EZ4V cut sheet states it ""fits into standard 16"" x 42"" PTAC wall sleeves"". Recorded 23""x23"" is wrong, and the cited vert-i-pak URL 404s. EZ4V wall sleeves: 13.75 or 15.00 x 42.00 x 16.00.","42"" W x 16"" H x 13.75"" D (sleeve) - same as row 132",404,https://islandaire.com/wp-content/uploads/2025/05/ez-4v-series-cutsheet.pdf,https://islandaire.com/products/vert-i-pak/
134,IEC,MPY08,"20"" W x 88"" H x 20"" D",UNSOURCED,"IEC/MPY vertical stack row; 88"" height not individually re-verified in this pass.",,live,,https://files.iecokc.com/Technical%20Catalogs/CA-050-ModHiRise-I100-90002105.pdf
135,IceAir,5FCH03,"45"" W x 27 1/2"" H x depth TBD (verify)",UNSOURCED,Tagged (verify) with depth TBD. Cited IEC fan-coil IOM does not confirm these values for 5FCH03 / 5FCLB04.,Depth still unknown - obtain Ice Air FCH/FCLB submittal,live but model not found in doc,Ice Air FCH / FCLB submittal,https://files.iecokc.com/IOM/IOM-100-Horiz-Vertical-Hi-Perf-Fan_Coil_IOM-I100-90000950.pdf
136,IceAir,FHA0200,"23.5"" W x 25"" H x 9.125"" D",UNSOURCED,FHA/FXA/LXA rows cite an IEC fan-coil IOM; model numbers do not appear in it.,,live but model not found in doc,Ice Air FCU submittal for the FHA/FXA/LXA family,https://files.iecokc.com/IOM/IOM-100-Horiz-Vertical-Hi-Perf-Fan_Coil_IOM-I100-90000950.pdf
137,IceAir,FXA02,"41"" W x 25"" H x 9.125"" D",UNSOURCED,FHA/FXA/LXA rows cite an IEC fan-coil IOM; model numbers do not appear in it.,,live but model not found in doc,Ice Air FCU submittal for the FHA/FXA/LXA family,https://files.iecokc.com/IOM/IOM-100-Horiz-Vertical-Hi-Perf-Fan_Coil_IOM-I100-90000950.pdf
138,IceAir,5FCLB04,"54"" W x 36"" H x depth TBD (verify)",UNSOURCED,Tagged (verify) with depth TBD. Cited IEC fan-coil IOM does not confirm these values for 5FCH03 / 5FCLB04.,Depth still unknown - obtain Ice Air FCH/FCLB submittal,live but model not found in doc,Ice Air FCH / FCLB submittal,https://files.iecokc.com/IOM/IOM-100-Horiz-Vertical-Hi-Perf-Fan_Coil_IOM-I100-90000950.pdf
139,IceAir,FHA0400,"33.5"" W x 25"" H x 9.125"" D",UNSOURCED,FHA/FXA/LXA rows cite an IEC fan-coil IOM; model numbers do not appear in it.,,live but model not found in doc,Ice Air FCU submittal for the FHA/FXA/LXA family,https://files.iecokc.com/IOM/IOM-100-Horiz-Vertical-Hi-Perf-Fan_Coil_IOM-I100-90000950.pdf
140,IceAir,LXA04,"54"" W x 14.375"" H x 12"" D",UNSOURCED,FHA/FXA/LXA rows cite an IEC fan-coil IOM; model numbers do not appear in it.,,live but model not found in doc,Ice Air FCU submittal for the FHA/FXA/LXA family,https://files.iecokc.com/IOM/IOM-100-Horiz-Vertical-Hi-Perf-Fan_Coil_IOM-I100-90000950.pdf
141,IceAir,FHA0600,"43.5"" W x 25"" H x 9.125"" D",UNSOURCED,FHA/FXA/LXA rows cite an IEC fan-coil IOM; model numbers do not appear in it.,,live but model not found in doc,Ice Air FCU submittal for the FHA/FXA/LXA family,https://files.iecokc.com/IOM/IOM-100-Horiz-Vertical-Hi-Perf-Fan_Coil_IOM-I100-90000950.pdf
142,IceAir,FXA06,"61"" W x 25"" H x 9.125"" D",UNSOURCED,FHA/FXA/LXA rows cite an IEC fan-coil IOM; model numbers do not appear in it.,,live but model not found in doc,Ice Air FCU submittal for the FHA/FXA/LXA family,https://files.iecokc.com/IOM/IOM-100-Horiz-Vertical-Hi-Perf-Fan_Coil_IOM-I100-90000950.pdf
143,IceAir,5FCVE02,"41"" W x 25"" H x 9.25"" D",UNSOURCED,Cited ice-air-fcu-fcve-submittal.pdf is a single page with ~1.1k characters and no dimensional data.,,live but contains no dims,Ice Air FCVE submittal drawing sheet,https://www.ice-air.com/wp-content/uploads/ice-air-fcu-fcve-submittal.pdf
144,IceAir,5FCVC03,"23.75"" W x 25"" H x 9"" D",UNSOURCED,Cited FCVC/FCVE install manual does not state these unit dimensions.,,live,,https://www.ice-air.com/wp-content/uploads/ICE6082-FCVC-FCVE-Install.pdf
145,IceAir,5FCVE03,"45"" W x 25"" H x 9.25"" D",UNSOURCED,Cited ice-air-fcu-fcve-submittal.pdf is a single page with ~1.1k characters and no dimensional data.,,live but contains no dims,Ice Air FCVE submittal drawing sheet,https://www.ice-air.com/wp-content/uploads/ice-air-fcu-fcve-submittal.pdf
146,IceAir,5FCVE04,"51"" W x 25"" H x 9.25"" D",UNSOURCED,Cited ice-air-fcu-fcve-submittal.pdf is a single page with ~1.1k characters and no dimensional data.,,live but contains no dims,Ice Air FCVE submittal drawing sheet,https://www.ice-air.com/wp-content/uploads/ice-air-fcu-fcve-submittal.pdf
147,IceAir,MPY04,"17"" W x 88"" H x 17"" D",UNSOURCED,"IEC/MPY vertical stack row; 88"" height not individually re-verified in this pass.",,live,,https://files.iecokc.com/Technical%20Catalogs/CA-050-ModHiRise-I100-90002105.pdf
148,IceAir,5FCVE06,"61"" W x 25"" H x 9.25"" D",UNSOURCED,Cited ice-air-fcu-fcve-submittal.pdf is a single page with ~1.1k characters and no dimensional data.,,live but contains no dims,Ice Air FCVE submittal drawing sheet,https://www.ice-air.com/wp-content/uploads/ice-air-fcu-fcve-submittal.pdf
149,IceAir,MPY06,"20"" W x 88"" H x 20"" D",UNSOURCED,"IEC/MPY vertical stack row; 88"" height not individually re-verified in this pass.",,live,,https://files.iecokc.com/Technical%20Catalogs/CA-050-ModHiRise-I100-90002105.pdf
150,IceAir,5FCVE08,"63"" W x 25"" H x 9.25"" D",UNSOURCED,Cited ice-air-fcu-fcve-submittal.pdf is a single page with ~1.1k characters and no dimensional data.,,live but contains no dims,Ice Air FCVE submittal drawing sheet,https://www.ice-air.com/wp-content/uploads/ice-air-fcu-fcve-submittal.pdf
151,IceAir,5FCVC08,"42.75"" W x 25"" H x 9"" D",UNSOURCED,Cited FCVC/FCVE install manual does not state these unit dimensions.,,live,,https://www.ice-air.com/wp-content/uploads/ICE6082-FCVC-FCVE-Install.pdf
152,IceAir,SAB-8727-115,"34.625"" W x 9.875"" H x 16.375"" D",UNSOURCED,SAB-8727 rows not individually re-verified in this pass.,,live,,https://islandaire.com/wp-content/uploads/2025/08/EZKF-Series-Cut-Sheet.pdf
153,IceAir,SAB-8727-208,"34.625"" W x 9.875"" H x 16.375"" D",UNSOURCED,SAB-8727 rows not individually re-verified in this pass.,,live,,https://islandaire.com/wp-content/uploads/2025/08/EZKF-Series-Cut-Sheet.pdf
154,IceAir,5RSAN07,"42"" W x 16"" H x 15"" D (sleeve)",WRONG,"Recorded 42x16x15 appears nowhere in Ice Air literature. The RSAN submittal drawing (APB-9377) gives chassis 39-3/4"" W x 13-3/4"" H x 21-1/8"" D, enclosure 54"" W x 22"" H. 42x16 is the generic PTAC sleeve size, which RSAN is not.","39.75"" W x 13.75"" H x 21.125"" D (chassis); enclosure 54"" x 22""",cited product sheet has NO dims,https://www.ice-air.com/wp-content/uploads/ice-air-ptac-rsan-submittal.pdf,https://www.ice-air.com/wp-content/uploads/ice-air-ptac-rsan-submittal.pdf
155,IceAir,5RSAN09,"42"" W x 16"" H x 15"" D (sleeve)",WRONG,"Recorded 42x16x15 appears nowhere in Ice Air literature. The RSAN submittal drawing (APB-9377) gives chassis 39-3/4"" W x 13-3/4"" H x 21-1/8"" D, enclosure 54"" W x 22"" H. 42x16 is the generic PTAC sleeve size, which RSAN is not.","39.75"" W x 13.75"" H x 21.125"" D (chassis); enclosure 54"" x 22""",cited product sheet has NO dims,https://www.ice-air.com/wp-content/uploads/ice-air-ptac-rsan-submittal.pdf,https://www.ice-air.com/wp-content/uploads/ice-air-ptac-rsan-submittal.pdf
156,IceAir,5RSAN13,"42"" W x 16"" H x 15"" D (sleeve)",WRONG,"Recorded 42x16x15 appears nowhere in Ice Air literature. The RSAN submittal drawing (APB-9377) gives chassis 39-3/4"" W x 13-3/4"" H x 21-1/8"" D, enclosure 54"" W x 22"" H. 42x16 is the generic PTAC sleeve size, which RSAN is not.","39.75"" W x 13.75"" H x 21.125"" D (chassis); enclosure 54"" x 22""",cited product sheet has NO dims,https://www.ice-air.com/wp-content/uploads/ice-air-ptac-rsan-submittal.pdf,https://www.ice-air.com/wp-content/uploads/ice-air-ptac-rsan-submittal.pdf
157,IceAir,5RSAN15,"42"" W x 16"" H x 15"" D (sleeve)",WRONG,"Recorded 42x16x15 appears nowhere in Ice Air literature. The RSAN submittal drawing (APB-9377) gives chassis 39-3/4"" W x 13-3/4"" H x 21-1/8"" D, enclosure 54"" W x 22"" H. 42x16 is the generic PTAC sleeve size, which RSAN is not.","39.75"" W x 13.75"" H x 21.125"" D (chassis); enclosure 54"" x 22""",cited product sheet has NO dims,https://www.ice-air.com/wp-content/uploads/ice-air-ptac-rsan-submittal.pdf,https://www.ice-air.com/wp-content/uploads/ice-air-ptac-rsan-submittal.pdf
158,IceAir,8RSAN09,"42"" W x 16"" H x 15"" D (sleeve)",WRONG,"Recorded 42x16x15 appears nowhere in Ice Air literature. The RSAN submittal drawing (APB-9377) gives chassis 39-3/4"" W x 13-3/4"" H x 21-1/8"" D, enclosure 54"" W x 22"" H. 42x16 is the generic PTAC sleeve size, which RSAN is not.","39.75"" W x 13.75"" H x 21.125"" D (chassis); enclosure 54"" x 22""",cited product sheet has NO dims,https://www.ice-air.com/wp-content/uploads/ice-air-ptac-rsan-submittal.pdf,https://www.ice-air.com/wp-content/uploads/ice-air-ptac-rsan-submittal.pdf
159,IceAir,8RSAN13,"42"" W x 16"" H x 15"" D (sleeve)",WRONG,"Recorded 42x16x15 appears nowhere in Ice Air literature. The RSAN submittal drawing (APB-9377) gives chassis 39-3/4"" W x 13-3/4"" H x 21-1/8"" D, enclosure 54"" W x 22"" H. 42x16 is the generic PTAC sleeve size, which RSAN is not.","39.75"" W x 13.75"" H x 21.125"" D (chassis); enclosure 54"" x 22""",cited product sheet has NO dims,https://www.ice-air.com/wp-content/uploads/ice-air-ptac-rsan-submittal.pdf,https://www.ice-air.com/wp-content/uploads/ice-air-ptac-rsan-submittal.pdf
160,IceAir,8RSAN15,"42"" W x 16"" H x 15"" D (sleeve)",WRONG,"Recorded 42x16x15 appears nowhere in Ice Air literature. The RSAN submittal drawing (APB-9377) gives chassis 39-3/4"" W x 13-3/4"" H x 21-1/8"" D, enclosure 54"" W x 22"" H. 42x16 is the generic PTAC sleeve size, which RSAN is not.","39.75"" W x 13.75"" H x 21.125"" D (chassis); enclosure 54"" x 22""",cited product sheet has NO dims,https://www.ice-air.com/wp-content/uploads/ice-air-ptac-rsan-submittal.pdf,https://www.ice-air.com/wp-content/uploads/ice-air-ptac-rsan-submittal.pdf
161,IceAir,8RSAN17,"42"" W x 16"" H x 15"" D (sleeve)",WRONG,"Recorded 42x16x15 appears nowhere in Ice Air literature. The RSAN submittal drawing (APB-9377) gives chassis 39-3/4"" W x 13-3/4"" H x 21-1/8"" D, enclosure 54"" W x 22"" H. 42x16 is the generic PTAC sleeve size, which RSAN is not.","39.75"" W x 13.75"" H x 21.125"" D (chassis); enclosure 54"" x 22""",cited product sheet has NO dims,https://www.ice-air.com/wp-content/uploads/ice-air-ptac-rsan-submittal.pdf,https://www.ice-air.com/wp-content/uploads/ice-air-ptac-rsan-submittal.pdf
162,IceAir,8RSAN18,"42"" W x 16"" H x 15"" D (sleeve)",WRONG,"Recorded 42x16x15 appears nowhere in Ice Air literature. The RSAN submittal drawing (APB-9377) gives chassis 39-3/4"" W x 13-3/4"" H x 21-1/8"" D, enclosure 54"" W x 22"" H. 42x16 is the generic PTAC sleeve size, which RSAN is not.","39.75"" W x 13.75"" H x 21.125"" D (chassis); enclosure 54"" x 22""",cited product sheet has NO dims,https://www.ice-air.com/wp-content/uploads/ice-air-ptac-rsan-submittal.pdf,https://www.ice-air.com/wp-content/uploads/ice-air-ptac-rsan-submittal.pdf
163,IceAir,5RSEA09,"44 3/4"" W x 16 1/2"" H x 20 3/4"" D (sleeve)",WRONG,"Ice Air RSEA dimensional drawing (APA-8448) gives 43-1/2"" W x 14-1/2"" H x 18"" D. Recorded 44.75 x 16.5 x 20.75 does not appear.","43.5"" W x 14.5"" H x 18"" D",cited product sheet has NO dims,https://www.ice-air.com/wp-content/uploads/ice-air-ptac-rsea-submittal.pdf,https://www.ice-air.com/wp-content/uploads/ice-air-ptac-rsea-product-sheet.pdf
164,IceAir,5RSEA13,"44 3/4"" W x 16 1/2"" H x 20 3/4"" D (sleeve)",WRONG,"Ice Air RSEA dimensional drawing (APA-8448) gives 43-1/2"" W x 14-1/2"" H x 18"" D. Recorded 44.75 x 16.5 x 20.75 does not appear.","43.5"" W x 14.5"" H x 18"" D",cited product sheet has NO dims,https://www.ice-air.com/wp-content/uploads/ice-air-ptac-rsea-submittal.pdf,https://www.ice-air.com/wp-content/uploads/ice-air-ptac-rsea-product-sheet.pdf
165,IceAir,8RSEA09,"44 3/4"" W x 16 1/2"" H x 20 3/4"" D (sleeve)",WRONG,"Ice Air RSEA dimensional drawing (APA-8448) gives 43-1/2"" W x 14-1/2"" H x 18"" D. Recorded 44.75 x 16.5 x 20.75 does not appear.","43.5"" W x 14.5"" H x 18"" D",cited product sheet has NO dims,https://www.ice-air.com/wp-content/uploads/ice-air-ptac-rsea-submittal.pdf,https://www.ice-air.com/wp-content/uploads/ice-air-ptac-rsea-product-sheet.pdf
166,IceAir,8RSEA13,"44 3/4"" W x 16 1/2"" H x 20 3/4"" D (sleeve)",WRONG,"Ice Air RSEA dimensional drawing (APA-8448) gives 43-1/2"" W x 14-1/2"" H x 18"" D. Recorded 44.75 x 16.5 x 20.75 does not appear.","43.5"" W x 14.5"" H x 18"" D",cited product sheet has NO dims,https://www.ice-air.com/wp-content/uploads/ice-air-ptac-rsea-submittal.pdf,https://www.ice-air.com/wp-content/uploads/ice-air-ptac-rsea-product-sheet.pdf
167,IceAir,8RSEA18,"44 3/4"" W x 16 1/2"" H x 20 3/4"" D (sleeve)",WRONG,"Ice Air RSEA dimensional drawing (APA-8448) gives 43-1/2"" W x 14-1/2"" H x 18"" D. Recorded 44.75 x 16.5 x 20.75 does not appear.","43.5"" W x 14.5"" H x 18"" D",cited product sheet has NO dims,https://www.ice-air.com/wp-content/uploads/ice-air-ptac-rsea-submittal.pdf,https://www.ice-air.com/wp-content/uploads/ice-air-ptac-rsea-product-sheet.pdf
168,IceAir,5RSMK09,"36"" W x 13 15/16"" H x 19.25"" D (sleeve)",UNSOURCED,Neither the cited RSMK product sheet nor the RSMK submittal contains dimensional data.,,cited product sheet has NO dims,Request RSMK dimensional drawing from Ice Air,https://www.ice-air.com/wp-content/uploads/ice-air-ptac-rsmk-product-sheet.pdf
169,IceAir,5RSMK13,"36"" W x 13 15/16"" H x 19.25"" D (sleeve)",UNSOURCED,Neither the cited RSMK product sheet nor the RSMK submittal contains dimensional data.,,cited product sheet has NO dims,Request RSMK dimensional drawing from Ice Air,https://www.ice-air.com/wp-content/uploads/ice-air-ptac-rsmk-product-sheet.pdf
170,IceAir,8RSMK09,"36"" W x 13 15/16"" H x 19.25"" D (sleeve)",UNSOURCED,Neither the cited RSMK product sheet nor the RSMK submittal contains dimensional data.,,cited product sheet has NO dims,Request RSMK dimensional drawing from Ice Air,https://www.ice-air.com/wp-content/uploads/ice-air-ptac-rsmk-product-sheet.pdf
171,IceAir,8RSMK13,"36"" W x 13 15/16"" H x 19.25"" D (sleeve)",UNSOURCED,Neither the cited RSMK product sheet nor the RSMK submittal contains dimensional data.,,cited product sheet has NO dims,Request RSMK dimensional drawing from Ice Air,https://www.ice-air.com/wp-content/uploads/ice-air-ptac-rsmk-product-sheet.pdf
172,IceAir,8RSMK16,"36"" W x 13 15/16"" H x 19.25"" D (sleeve)",UNSOURCED,Neither the cited RSMK product sheet nor the RSMK submittal contains dimensional data.,,cited product sheet has NO dims,Request RSMK dimensional drawing from Ice Air,https://www.ice-air.com/wp-content/uploads/ice-air-ptac-rsmk-product-sheet.pdf
173,IceAir,8rsan09-e3,"42"" W x 16"" H x 15"" D (sleeve)",WRONG,"Recorded 42x16x15 appears nowhere in Ice Air literature. The RSAN submittal drawing (APB-9377) gives chassis 39-3/4"" W x 13-3/4"" H x 21-1/8"" D, enclosure 54"" W x 22"" H. 42x16 is the generic PTAC sleeve size, which RSAN is not.","39.75"" W x 13.75"" H x 21.125"" D (chassis); enclosure 54"" x 22""",cited product sheet has NO dims,https://www.ice-air.com/wp-content/uploads/ice-air-ptac-rsan-submittal.pdf,https://www.ice-air.com/wp-content/uploads/ice-air-ptac-rsan-submittal.pdf
174,IceAir,5RSF09,"27.125"" W x 16.875"" H x 18.125"" D ",WRONG,"Ice Air RSF drawing (SAB-8644) gives chassis ~26-1/2"" W x 16"" H x 17-1/2"" D (enclosure 44"" W x 21"" H x 9"" D min). Recorded 27.125 x 16.875 x 18.125 does not appear.","~26.5"" W x 16"" H x 17.5"" D (chassis) - confirm with Ice Air",cited product sheet has NO dims,https://www.ice-air.com/wp-content/uploads/ice-air-ptac-rsf-submittal.pdf,https://www.ice-air.com/wp-content/uploads/ice-air-ptac-rsf-product-sheet.pdf
175,IceAir,5RSF12,"27.125"" W x 16.875"" H x 18.125"" D ",WRONG,"Ice Air RSF drawing (SAB-8644) gives chassis ~26-1/2"" W x 16"" H x 17-1/2"" D (enclosure 44"" W x 21"" H x 9"" D min). Recorded 27.125 x 16.875 x 18.125 does not appear.","~26.5"" W x 16"" H x 17.5"" D (chassis) - confirm with Ice Air",cited product sheet has NO dims,https://www.ice-air.com/wp-content/uploads/ice-air-ptac-rsf-submittal.pdf,https://www.ice-air.com/wp-content/uploads/ice-air-ptac-rsf-product-sheet.pdf
176,IceAir,5RSF13,"27.125"" W x 16.875"" H x 18.125"" D ",WRONG,"Ice Air RSF drawing (SAB-8644) gives chassis ~26-1/2"" W x 16"" H x 17-1/2"" D (enclosure 44"" W x 21"" H x 9"" D min). Recorded 27.125 x 16.875 x 18.125 does not appear.","~26.5"" W x 16"" H x 17.5"" D (chassis) - confirm with Ice Air",cited product sheet has NO dims,https://www.ice-air.com/wp-content/uploads/ice-air-ptac-rsf-submittal.pdf,https://www.ice-air.com/wp-content/uploads/ice-air-ptac-rsf-product-sheet.pdf
177,IceAir,8RSF13,"27.125"" W x 16.875"" H x 18.125"" D ",WRONG,"Ice Air RSF drawing (SAB-8644) gives chassis ~26-1/2"" W x 16"" H x 17-1/2"" D (enclosure 44"" W x 21"" H x 9"" D min). Recorded 27.125 x 16.875 x 18.125 does not appear.","~26.5"" W x 16"" H x 17.5"" D (chassis) - confirm with Ice Air",cited product sheet has NO dims,https://www.ice-air.com/wp-content/uploads/ice-air-ptac-rsf-submittal.pdf,https://www.ice-air.com/wp-content/uploads/ice-air-ptac-rsf-product-sheet.pdf
178,IceAir,8RSF16,"27.125"" W x 16.875"" H x 18.125"" D ",WRONG,"Ice Air RSF drawing (SAB-8644) gives chassis ~26-1/2"" W x 16"" H x 17-1/2"" D (enclosure 44"" W x 21"" H x 9"" D min). Recorded 27.125 x 16.875 x 18.125 does not appear.","~26.5"" W x 16"" H x 17.5"" D (chassis) - confirm with Ice Air",cited product sheet has NO dims,https://www.ice-air.com/wp-content/uploads/ice-air-ptac-rsf-submittal.pdf,https://www.ice-air.com/wp-content/uploads/ice-air-ptac-rsf-product-sheet.pdf
179,IceAir,5RSK07,"36"" W x 15"" H x 19.25"" D",OK,"Verified against RSK submittal drawing: chassis 36"" W x 15"" H x 19-1/4"" D. (Sleeve is 36-3/4""; enclosure 52"" x 22"".) Correctly tagged (chassis).",,ok,,https://www.ice-air.com/wp-content/uploads/ice-air-ptac-rsk-submittal.pdf
180,IceAir,5RSK09,"36"" W x 15"" H x 19.25"" D (chassis)",OK,"Verified against RSK submittal drawing: chassis 36"" W x 15"" H x 19-1/4"" D. (Sleeve is 36-3/4""; enclosure 52"" x 22"".) Correctly tagged (chassis).",,ok,,https://www.ice-air.com/wp-content/uploads/ice-air-ptac-rsk-submittal.pdf
181,IceAir,5RSK13,"36"" W x 15"" H x 19.25"" D (chassis)",OK,"Verified against RSK submittal drawing: chassis 36"" W x 15"" H x 19-1/4"" D. (Sleeve is 36-3/4""; enclosure 52"" x 22"".) Correctly tagged (chassis).",,ok,,https://www.ice-air.com/wp-content/uploads/ice-air-ptac-rsk-submittal.pdf
182,IceAir,5RSK13A,"36"" W x 15"" H x 19.25"" D (chassis)",OK,"Verified against RSK submittal drawing: chassis 36"" W x 15"" H x 19-1/4"" D. (Sleeve is 36-3/4""; enclosure 52"" x 22"".) Correctly tagged (chassis).",,ok,,https://www.ice-air.com/wp-content/uploads/ice-air-ptac-rsk-submittal.pdf
183,IceAir,8RSK09,"36"" W x 15"" H x 19.25"" D (chassis)",OK,"Verified against RSK submittal drawing: chassis 36"" W x 15"" H x 19-1/4"" D. (Sleeve is 36-3/4""; enclosure 52"" x 22"".) Correctly tagged (chassis).",,ok,,https://www.ice-air.com/wp-content/uploads/ice-air-ptac-rsk-submittal.pdf
184,IceAir,8RSK13,"36"" W x 15"" H x 19.25"" D (chassis)",OK,"Verified against RSK submittal drawing: chassis 36"" W x 15"" H x 19-1/4"" D. (Sleeve is 36-3/4""; enclosure 52"" x 22"".) Correctly tagged (chassis).",,ok,,https://www.ice-air.com/wp-content/uploads/ice-air-ptac-rsk-submittal.pdf
185,IceAir,8RSK16,"36"" W x 15"" H x 19.25"" D (chassis)",OK,"Verified against RSK submittal drawing: chassis 36"" W x 15"" H x 19-1/4"" D. (Sleeve is 36-3/4""; enclosure 52"" x 22"".) Correctly tagged (chassis).",,ok,,https://www.ice-air.com/wp-content/uploads/ice-air-ptac-rsk-submittal.pdf
186,IceAir,8RSK18,"36"" W x 15"" H x 19.25"" D (chassis)",OK,"Verified against RSK submittal drawing: chassis 36"" W x 15"" H x 19-1/4"" D. (Sleeve is 36-3/4""; enclosure 52"" x 22"".) Correctly tagged (chassis).",,ok,,https://www.ice-air.com/wp-content/uploads/ice-air-ptac-rsk-submittal.pdf
187,IceAir,5RSZ09,"36"" W x 16"" H x 11.375"" D (sleeve)",UNSOURCED,"Neither the cited RSZ product sheet nor the RSZ submittal contains dimensional data. Recorded 36x16x11.375 equals the Islandaire EZRM sleeve figure used on rows 92-99 (RSZ replaces Islandaire RM), so it is plausible but uncited.",,cited product sheet has NO dims,Request RSZ dimensional drawing from Ice Air,https://www.ice-air.com/wp-content/uploads/ice-air-ptac-rsz-product-sheet.pdf
188,IceAir,5RSZ13,"36"" W x 16"" H x 11.375"" D (sleeve)",UNSOURCED,"Neither the cited RSZ product sheet nor the RSZ submittal contains dimensional data. Recorded 36x16x11.375 equals the Islandaire EZRM sleeve figure used on rows 92-99 (RSZ replaces Islandaire RM), so it is plausible but uncited.",,cited product sheet has NO dims,Request RSZ dimensional drawing from Ice Air,https://www.ice-air.com/wp-content/uploads/ice-air-ptac-rsz-product-sheet.pdf
189,IceAir,5RSZ13A,"36"" W x 16"" H x 11.375"" D (sleeve)",UNSOURCED,"Neither the cited RSZ product sheet nor the RSZ submittal contains dimensional data. Recorded 36x16x11.375 equals the Islandaire EZRM sleeve figure used on rows 92-99 (RSZ replaces Islandaire RM), so it is plausible but uncited.",,cited product sheet has NO dims,Request RSZ dimensional drawing from Ice Air,https://www.ice-air.com/wp-content/uploads/ice-air-ptac-rsz-product-sheet.pdf
190,IceAir,8RSZ13,"36"" W x 16"" H x 11.375"" D (sleeve)",UNSOURCED,"Neither the cited RSZ product sheet nor the RSZ submittal contains dimensional data. Recorded 36x16x11.375 equals the Islandaire EZRM sleeve figure used on rows 92-99 (RSZ replaces Islandaire RM), so it is plausible but uncited.",,cited product sheet has NO dims,Request RSZ dimensional drawing from Ice Air,https://www.ice-air.com/wp-content/uploads/ice-air-ptac-rsz-product-sheet.pdf
191,IceAir,8RSZ13A,"36"" W x 16"" H x 11.375"" D (sleeve)",UNSOURCED,"Neither the cited RSZ product sheet nor the RSZ submittal contains dimensional data. Recorded 36x16x11.375 equals the Islandaire EZRM sleeve figure used on rows 92-99 (RSZ replaces Islandaire RM), so it is plausible but uncited.",,cited product sheet has NO dims,Request RSZ dimensional drawing from Ice Air,https://www.ice-air.com/wp-content/uploads/ice-air-ptac-rsz-product-sheet.pdf
192,IceAir,8RSZ18,"36"" W x 16"" H x 11.375"" D (sleeve)",UNSOURCED,"Neither the cited RSZ product sheet nor the RSZ submittal contains dimensional data. Recorded 36x16x11.375 equals the Islandaire EZRM sleeve figure used on rows 92-99 (RSZ replaces Islandaire RM), so it is plausible but uncited.",,cited product sheet has NO dims,Request RSZ dimensional drawing from Ice Air,https://www.ice-air.com/wp-content/uploads/ice-air-ptac-rsz-product-sheet.pdf
193,IceAir,5RSCC09,"40.75"" W x 15.75"" H x 18.688"" D (sleeve)",WRONG,"Ice Air RSCC submittal drawing gives cooling chassis 42"" W x 15"" H x 19-1/4"" D (enclosure 54"" x 22""). Recorded 40.75 x 15.75 x 18.688 does not appear.","42"" W x 15"" H x 19.25"" D (chassis)",cited product sheet has NO dims,https://www.ice-air.com/wp-content/uploads/ice-air-ptac-rscc-submittal.pdf,https://www.ice-air.com/wp-content/uploads/ice-air-ptac-rscc-product-sheet.pdf
194,IceAir,5RSCC13,"40.75"" W x 15.75"" H x 18.688"" D (sleeve)",WRONG,"Ice Air RSCC submittal drawing gives cooling chassis 42"" W x 15"" H x 19-1/4"" D (enclosure 54"" x 22""). Recorded 40.75 x 15.75 x 18.688 does not appear.","42"" W x 15"" H x 19.25"" D (chassis)",cited product sheet has NO dims,https://www.ice-air.com/wp-content/uploads/ice-air-ptac-rscc-submittal.pdf,https://www.ice-air.com/wp-content/uploads/ice-air-ptac-rscc-product-sheet.pdf
195,IceAir,5RSCM13,"32"" W x 18.25"" H x 16.75"" D (sleeve)",UNSOURCED,Neither the cited RSCM product sheet nor the RSCM submittal contains dimensional data.,,cited product sheet has NO dims,Request RSCM dimensional drawing from Ice Air,https://www.ice-air.com/wp-content/uploads/ice-air-ptac-rscm-product-sheet.pdf
196,IceAir,5RSET13,"28"" W x 20"" H x depth TBD (sleeve)",WRONG,"RSET is listed under ""RSCC Replaces"" in the cited sheet - a legacy model given its replacement's document. Depth still TBD.",Identify actual 5RSET13 unit dims separately,cited sheet is for the replacement model,,https://www.ice-air.com/wp-content/uploads/ice-air-ptac-rscc-product-sheet.pdf
197,IceAir,5RSCM13-A,"32"" W x 18.25"" H x 16.75"" D (sleeve)",UNSOURCED,Neither the cited RSCM product sheet nor the RSCM submittal contains dimensional data.,,cited product sheet has NO dims,Request RSCM dimensional drawing from Ice Air,https://www.ice-air.com/wp-content/uploads/ice-air-ptac-rscm-product-sheet.pdf
198,IceAir,8RSCC13,"40.75"" W x 15.75"" H x 18.688"" D (sleeve)",WRONG,"Ice Air RSCC submittal drawing gives cooling chassis 42"" W x 15"" H x 19-1/4"" D (enclosure 54"" x 22""). Recorded 40.75 x 15.75 x 18.688 does not appear.","42"" W x 15"" H x 19.25"" D (chassis)",cited product sheet has NO dims,https://www.ice-air.com/wp-content/uploads/ice-air-ptac-rscc-submittal.pdf,https://www.ice-air.com/wp-content/uploads/ice-air-ptac-rscc-product-sheet.pdf
199,IceAir,8RSCC13-A,"40.75"" W x 15.75"" H x 18.688"" D (sleeve)",WRONG,"Ice Air RSCC submittal drawing gives cooling chassis 42"" W x 15"" H x 19-1/4"" D (enclosure 54"" x 22""). Recorded 40.75 x 15.75 x 18.688 does not appear.","42"" W x 15"" H x 19.25"" D (chassis)",cited product sheet has NO dims,https://www.ice-air.com/wp-content/uploads/ice-air-ptac-rscc-submittal.pdf,https://www.ice-air.com/wp-content/uploads/ice-air-ptac-rscc-product-sheet.pdf
200,IceAir,8RSWL16,"56.5"" W x 13.25"" H x depth TBD (sleeve)",DEAD LINK,8RSWL16 points at ice-air.com/product/rscc/ - the product page for a DIFFERENT series (RSCC). No RSWL literature exists at the expected Ice Air paths (both rswl URLs 404).,Depth TBD unresolved,wrong product page,Request RSWL literature from Ice Air,https://www.ice-air.com/product/rscc/
201,IceAir,8RSCC18,"40.75"" W x 15.75"" H x 18.688"" D (sleeve)",WRONG,"Ice Air RSCC submittal drawing gives cooling chassis 42"" W x 15"" H x 19-1/4"" D (enclosure 54"" x 22""). Recorded 40.75 x 15.75 x 18.688 does not appear.","42"" W x 15"" H x 19.25"" D (chassis)",cited product sheet has NO dims,https://www.ice-air.com/wp-content/uploads/ice-air-ptac-rscc-submittal.pdf,https://www.ice-air.com/wp-content/uploads/ice-air-ptac-rscc-product-sheet.pdf
202,IceAir,8RSCT18,"40.75"" W x 15.75"" H x 18.688"" D (sleeve)",WRONG,"RSCT is a legacy Ice-Cap unit that the RSCC REPLACES (per the RSCC sheet's own ""Replaces"" list) - it is being given its replacement's dimensions, and those dimensions are themselves wrong (see rows 193/194).",Identify actual 8RSCT18 unit dims separately,"cited sheet is for the replacement model, not this model",,https://www.ice-air.com/wp-content/uploads/ice-air-ptac-rscc-product-sheet.pdf
203,IceAir,8RSCM18,"32"" W x 18.25"" H x 16.75"" D (sleeve)",UNSOURCED,Neither the cited RSCM product sheet nor the RSCM submittal contains dimensional data.,,cited product sheet has NO dims,Request RSCM dimensional drawing from Ice Air,https://www.ice-air.com/wp-content/uploads/ice-air-ptac-rscm-product-sheet.pdf
204,IceAir,5RS1609,"37.5"" W (41.5 w/ hydronic) x 16"" H x 20.375"" D (sleeve)",UNSOURCED,"Recorded values are the ISLANDAIRE EZ16 sleeve-cabinet dims (verified in the Islandaire 16 cut sheet), not Ice Air data; the cited Ice Air RS16 product sheet contains no dimensions. Dimensionally plausible (both replace the same Type-16 opening). Also: the 41.5"" hydronic sleeve is 20.875"" deep, not 20.375"".","Split short 37.5x16x20.375 / hydronic 41.5x16x20.875, or obtain Ice Air RS16 drawing",cited product sheet has NO dims,https://www.ice-air.com/wp-content/uploads/ice-air-ptac-rs16-submittal.pdf,https://www.ice-air.com/wp-content/uploads/ice-air-ptac-rs16-product-sheet.pdf
205,IceAir,5RS1613,"37.5"" W (41.5 w/ hydronic) x 16"" H x 20.375"" D (sleeve)",UNSOURCED,"Recorded values are the ISLANDAIRE EZ16 sleeve-cabinet dims (verified in the Islandaire 16 cut sheet), not Ice Air data; the cited Ice Air RS16 product sheet contains no dimensions. Dimensionally plausible (both replace the same Type-16 opening). Also: the 41.5"" hydronic sleeve is 20.875"" deep, not 20.375"".","Split short 37.5x16x20.375 / hydronic 41.5x16x20.875, or obtain Ice Air RS16 drawing",cited product sheet has NO dims,https://www.ice-air.com/wp-content/uploads/ice-air-ptac-rs16-submittal.pdf,https://www.ice-air.com/wp-content/uploads/ice-air-ptac-rs16-product-sheet.pdf
206,IceAir,8RS1609,"37.5"" W (41.5 w/ hydronic) x 16"" H x 20.375"" D (sleeve)",UNSOURCED,"Recorded values are the ISLANDAIRE EZ16 sleeve-cabinet dims (verified in the Islandaire 16 cut sheet), not Ice Air data; the cited Ice Air RS16 product sheet contains no dimensions. Dimensionally plausible (both replace the same Type-16 opening). Also: the 41.5"" hydronic sleeve is 20.875"" deep, not 20.375"".","Split short 37.5x16x20.375 / hydronic 41.5x16x20.875, or obtain Ice Air RS16 drawing",cited product sheet has NO dims,https://www.ice-air.com/wp-content/uploads/ice-air-ptac-rs16-submittal.pdf,https://www.ice-air.com/wp-content/uploads/ice-air-ptac-rs16-product-sheet.pdf
207,IceAir,8RS1613,"37.5"" W (41.5 w/ hydronic) x 16"" H x 20.375"" D (sleeve)",UNSOURCED,"Recorded values are the ISLANDAIRE EZ16 sleeve-cabinet dims (verified in the Islandaire 16 cut sheet), not Ice Air data; the cited Ice Air RS16 product sheet contains no dimensions. Dimensionally plausible (both replace the same Type-16 opening). Also: the 41.5"" hydronic sleeve is 20.875"" deep, not 20.375"".","Split short 37.5x16x20.375 / hydronic 41.5x16x20.875, or obtain Ice Air RS16 drawing",cited product sheet has NO dims,https://www.ice-air.com/wp-content/uploads/ice-air-ptac-rs16-submittal.pdf,https://www.ice-air.com/wp-content/uploads/ice-air-ptac-rs16-product-sheet.pdf
208,IceAir,8RS1616,"37.5"" W (41.5 w/ hydronic) x 16"" H x 20.375"" D (sleeve)",UNSOURCED,"Recorded values are the ISLANDAIRE EZ16 sleeve-cabinet dims (verified in the Islandaire 16 cut sheet), not Ice Air data; the cited Ice Air RS16 product sheet contains no dimensions. Dimensionally plausible (both replace the same Type-16 opening). Also: the 41.5"" hydronic sleeve is 20.875"" deep, not 20.375"".","Split short 37.5x16x20.375 / hydronic 41.5x16x20.875, or obtain Ice Air RS16 drawing",cited product sheet has NO dims,https://www.ice-air.com/wp-content/uploads/ice-air-ptac-rs16-submittal.pdf,https://www.ice-air.com/wp-content/uploads/ice-air-ptac-rs16-product-sheet.pdf
209,IceAir,8RS1618-A-DUAL,"37.5"" W (41.5 w/ hydronic) x 16"" H x 20.375"" D (sleeve)",UNSOURCED,"Recorded values are the ISLANDAIRE EZ16 sleeve-cabinet dims (verified in the Islandaire 16 cut sheet), not Ice Air data; the cited Ice Air RS16 product sheet contains no dimensions. Dimensionally plausible (both replace the same Type-16 opening). Also: the 41.5"" hydronic sleeve is 20.875"" deep, not 20.375"".","Split short 37.5x16x20.375 / hydronic 41.5x16x20.875, or obtain Ice Air RS16 drawing",cited product sheet has NO dims,https://www.ice-air.com/wp-content/uploads/ice-air-ptac-rs16-submittal.pdf,https://www.ice-air.com/wp-content/uploads/ice-air-ptac-rs16-product-sheet.pdf
210,IceAir,8RS1618,"37.5"" W (41.5 w/ hydronic) x 16"" H x 20.375"" D (sleeve)",UNSOURCED,"Recorded values are the ISLANDAIRE EZ16 sleeve-cabinet dims (verified in the Islandaire 16 cut sheet), not Ice Air data; the cited Ice Air RS16 product sheet contains no dimensions. Dimensionally plausible (both replace the same Type-16 opening). Also: the 41.5"" hydronic sleeve is 20.875"" deep, not 20.375"".","Split short 37.5x16x20.375 / hydronic 41.5x16x20.875, or obtain Ice Air RS16 drawing",cited product sheet has NO dims,https://www.ice-air.com/wp-content/uploads/ice-air-ptac-rs16-submittal.pdf,https://www.ice-air.com/wp-content/uploads/ice-air-ptac-rs16-product-sheet.pdf
211,IceAir,5CHPW09,"46"" W x 25.25"" H x 11"" D",OK,"Verified against CHPW submittal A/B/C/D/E table: A=46"" (CHPW09/13) and 54"" (CHPW16/19); height 25-1/4"" and depth 11"" per the front/side views. Widths correctly differentiated.",,ok,,https://www.ice-air.com/wp-content/uploads/ice-air-wshp-chpw-submittal.pdf
212,IceAir,5CHPW13,"46"" W x 25.25"" H x 11"" D",OK,"Verified against CHPW submittal A/B/C/D/E table: A=46"" (CHPW09/13) and 54"" (CHPW16/19); height 25-1/4"" and depth 11"" per the front/side views. Widths correctly differentiated.",,ok,,https://www.ice-air.com/wp-content/uploads/ice-air-wshp-chpw-submittal.pdf
213,IceAir,8CHPW09,"46"" W x 25.25"" H x 11"" D",OK,"Verified against CHPW submittal A/B/C/D/E table: A=46"" (CHPW09/13) and 54"" (CHPW16/19); height 25-1/4"" and depth 11"" per the front/side views. Widths correctly differentiated.",,ok,,https://www.ice-air.com/wp-content/uploads/ice-air-wshp-chpw-submittal.pdf
214,IceAir,8HPW09,"46"" W x 25.25"" H x 11"" D",OK,"Verified against CHPW submittal A/B/C/D/E table: A=46"" (CHPW09/13) and 54"" (CHPW16/19); height 25-1/4"" and depth 11"" per the front/side views. Widths correctly differentiated.",,ok,,https://www.ice-air.com/wp-content/uploads/ice-air-wshp-chpw-submittal.pdf
215,IceAir,8CHPW13,"46"" W x 25.25"" H x 11"" D",OK,"Verified against CHPW submittal A/B/C/D/E table: A=46"" (CHPW09/13) and 54"" (CHPW16/19); height 25-1/4"" and depth 11"" per the front/side views. Widths correctly differentiated.",,ok,,https://www.ice-air.com/wp-content/uploads/ice-air-wshp-chpw-submittal.pdf
216,IceAir,8CHPW16,"54"" W x 25.25"" H x 11"" D",OK,"Verified against CHPW submittal A/B/C/D/E table: A=46"" (CHPW09/13) and 54"" (CHPW16/19); height 25-1/4"" and depth 11"" per the front/side views. Widths correctly differentiated.",,ok,,https://www.ice-air.com/wp-content/uploads/ice-air-wshp-chpw-submittal.pdf
217,IceAir,8CHPW19,"54"" W x 25.25"" H x 11"" D",OK,"Verified against CHPW submittal A/B/C/D/E table: A=46"" (CHPW09/13) and 54"" (CHPW16/19); height 25-1/4"" and depth 11"" per the front/side views. Widths correctly differentiated.",,ok,,https://www.ice-air.com/wp-content/uploads/ice-air-wshp-chpw-submittal.pdf
218,GE,AZHS15DRXXA,"42"" W x 16"" H x 20.8125"" D",OK,"Dimensions verified correct (16 H x 42 W x 20.8125 D per GE), but the cited URL 404s.",,404,https://www.geappliances.com/ge/zoneline/literature.htm or the GE Zoneline PTAC Engineering Manual (GEA191051),https://www.geappliances.com/ge/zoneline/products.htm
219,GE,AZ65H15DAB,"42"" W x 16"" H x 20.8125"" D",OK,"Dimensions verified correct (16 H x 42 W x 20.8125 D per GE), but the cited URL 404s.",,404,https://www.geappliances.com/ge/zoneline/literature.htm or the GE Zoneline PTAC Engineering Manual (GEA191051),https://www.geappliances.com/ge/zoneline/products.htm
220,GE,AJCM12DCH,"26"" W x 15 5/8"" H x 21 13/16"" D",OK,AJCM12DCH is a built-in room AC (not a Zoneline); its own GE product page is cited and the values check out.,,ok,,https://www.geappliances.com/appliance/GE-230-208-Volt-Built-In-Cool-Only-Room-Air-Conditioner-AJCM12DCH
221,GE,AZ65H12DAD,"42"" W x 16"" H x 20.8125"" D",OK,"Dimensions verified: GE lists Zoneline as 16 H x 42 W x 20.8125 D (unit/chassis depth; the RAB71B wall sleeve is only 13-3/4"" deep).",,ok,,https://content.abt.com/documents/72881/AZ65H12DAD_specs.pdf
222,GE,AZ65H15DBM,"42"" W x 16"" H x 20.8125"" D",OK,"Dimensions verified correct (16 H x 42 W x 20.8125 D per GE), but the cited URL 404s.",,404,https://www.geappliances.com/ge/zoneline/literature.htm or the GE Zoneline PTAC Engineering Manual (GEA191051),https://www.geappliances.com/ge/zoneline/products.htm
223,GE,AZ65H09DBM,"42"" W x 16"" H x 20.8125"" D",OK,"Dimensions verified correct (16 H x 42 W x 20.8125 D per GE), but the cited URL 404s.",,404,https://www.geappliances.com/ge/zoneline/literature.htm or the GE Zoneline PTAC Engineering Manual (GEA191051),https://www.geappliances.com/ge/zoneline/products.htm
224,GE,AZ65H12DBM,"42"" W x 16"" H x 20.8125"" D",OK,"Dimensions verified correct (16 H x 42 W x 20.8125 D per GE), but the cited URL 404s.",,404,https://www.geappliances.com/ge/zoneline/literature.htm or the GE Zoneline PTAC Engineering Manual (GEA191051),https://www.geappliances.com/ge/zoneline/products.htm
225,GE,AZHS15DCXWA,"42"" W x 16"" H x 20.8125"" D",OK,"Dimensions verified correct (16 H x 42 W x 20.8125 D per GE), but the cited URL 404s.",,404,https://www.geappliances.com/ge/zoneline/literature.htm or the GE Zoneline PTAC Engineering Manual (GEA191051),https://www.geappliances.com/ge/zoneline/products.htm
226,GE,AZHS07DCXXA,"42"" W x 16"" H x 20.8125"" D",OK,"Dimensions verified correct (16 H x 42 W x 20.8125 D per GE), but the cited URL 404s.",,404,https://www.geappliances.com/ge/zoneline/literature.htm or the GE Zoneline PTAC Engineering Manual (GEA191051),https://www.geappliances.com/ge/zoneline/products.htm
227,GE,AZES09DCXXA,"42"" W x 16"" H x 20.8125"" D",OK,"Dimensions verified correct (16 H x 42 W x 20.8125 D per GE), but the cited URL 404s.",,404,https://www.geappliances.com/ge/zoneline/literature.htm or the GE Zoneline PTAC Engineering Manual (GEA191051),https://www.geappliances.com/ge/zoneline/products.htm
228,GE,AZHS09DCXXA,"42"" W x 16"" H x 20.8125"" D",OK,"Dimensions verified correct (16 H x 42 W x 20.8125 D per GE), but the cited URL 404s.",,404,https://www.geappliances.com/ge/zoneline/literature.htm or the GE Zoneline PTAC Engineering Manual (GEA191051),https://www.geappliances.com/ge/zoneline/products.htm
229,GE,AZ65H09DAB,"42"" W x 16"" H x 20.8125"" D",OK,"Dimensions verified: GE lists Zoneline as 16 H x 42 W x 20.8125 D (unit/chassis depth; the RAB71B wall sleeve is only 13-3/4"" deep).",,ok,,https://www.geappliances.com/appliance/GE-Zoneline-Heat-Pump-Unit-230-208-Volt-AZ65H12DAB
230,GE,AZ65H12DAB,"42"" W x 16"" H x 20.8125"" D",OK,"Dimensions verified: GE lists Zoneline as 16 H x 42 W x 20.8125 D (unit/chassis depth; the RAB71B wall sleeve is only 13-3/4"" deep).",,ok,,https://www.geappliances.com/appliance/GE-Zoneline-Heat-Pump-Unit-230-208-Volt-AZ65H12DAB
231,GE,AZHS12DCXXA,"42"" W x 16"" H x 20.8125"" D",OK,"Dimensions verified: GE lists Zoneline as 16 H x 42 W x 20.8125 D (unit/chassis depth; the RAB71B wall sleeve is only 13-3/4"" deep).",,ok,,https://www.geappliances.com/appliance/GE-Zoneline-Heat-Pump-Fixed-Speed-Unit-with-Corrosion-Protection-12-000-BTU-230-208-Volt-AZHS12DCXXA
232,GE,AZ65H15DAC,"42"" W x 16"" H x 20.8125"" D",OK,"Dimensions verified correct (16 H x 42 W x 20.8125 D per GE), but the cited URL 404s.",,404,https://www.geappliances.com/ge/zoneline/literature.htm or the GE Zoneline PTAC Engineering Manual (GEA191051),https://www.geappliances.com/ge/zoneline/products.htm
233,GE,AZVS15DMXWA,"42"" W x 16"" H x 20.8125"" D",OK,"Dimensions verified correct (16 H x 42 W x 20.8125 D per GE), but the cited URL 404s.",,404,https://www.geappliances.com/ge/zoneline/literature.htm or the GE Zoneline PTAC Engineering Manual (GEA191051),https://www.geappliances.com/ge/zoneline/products.htm
234,GE,AZHS15DCXXA,"42"" W x 16"" H x 20.8125"" D",OK,"Dimensions verified correct (16 H x 42 W x 20.8125 D per GE), but the cited URL 404s.",,404,https://www.geappliances.com/ge/zoneline/literature.htm or the GE Zoneline PTAC Engineering Manual (GEA191051),https://www.geappliances.com/ge/zoneline/products.htm
235,Friedrich,USC,"25 7/8"" W x 15 1/2"" H x 16 3/4"" D",OK,"Matches Uni-Fit submittal ""USC Sleeve"" row: H 15-1/2"" x W 25-7/8"" x Max Depth 16-3/4"". USC is itself a sleeve product, so the value is appropriate.",,BAD - landing page not submittal,https://www.friedrich.com/hubfs/2024%20Literature%20PDFs/Submittal/SUBM_UNIFIT_REV%202.16.2024.pdf,https://www.friedrich.com/professional/products/uni-fit
236,Friedrich,Wallmaster Wall Sleeve - WSE,"27"" W x 16 3/4"" H x 16 3/4"" D",OK,"Matches Wallmaster submittal ""WSE Sleeve"": H 16-3/4"" x W 27"" x D 16-3/4"".",,ok,,https://www.friedrich.com/hubfs/2023 Literature PDFs/Submittals/Thru-the-wall_Wallmaster_Submittal_2023.pdf
237,Friedrich,CCW08B10C,"18 1/2"" W x 13 1/2"" H x 19 3/4"" D",OK,Matches Chill Premier submittal unit Height/Width/Depth columns (verified against the rendered table headers).,,ok,,https://www.friedrich.com/hubfs/2025%20Literature%20PDFs/2025%20Submittals/Chill%20Premier_Submittal%20_2025.pdf
238,Friedrich,CCW10B10B,"19 3/4"" W x 15 1/8"" H x 24"" D",OK,Matches Chill Premier submittal unit Height/Width/Depth columns (verified against the rendered table headers).,,ok,,https://www.friedrich.com/hubfs/2025%20Literature%20PDFs/2025%20Submittals/Chill%20Premier_Submittal%20_2025.pdf
239,Friedrich,CCW12B10B,"19 3/4"" W x 15 1/8"" H x 24 1/2"" D",WRONG,"Chill Premier lists CCW12B10B in the same row as CCW10B10B: H 15-1/8"" x W 19-3/4"" x D 24"". Recorded depth 24-1/2"" is not in the document.","19 3/4"" W x 15 1/8"" H x 24"" D",ok,,https://www.friedrich.com/hubfs/2025%20Literature%20PDFs/2025%20Submittals/Chill%20Premier_Submittal%20_2025.pdf
240,Friedrich,CCW15B10B,"23 5/8"" W x 17 7/8"" H x 25 3/8"" D",OK,Matches Chill Premier submittal unit Height/Width/Depth columns (verified against the rendered table headers).,,ok,,https://www.friedrich.com/hubfs/2025%20Literature%20PDFs/2025%20Submittals/Chill%20Premier_Submittal%20_2025.pdf
241,Friedrich,CCV08A10A,"20.62"" W x 13.37"" H x 19.25"" D",OK,Matches Chill Inverter CCV08A10A/CCV10A10A row (H 13-3/8 x W 20-5/8 x D 19-1/4) but decimals are truncated.,"Normalise to 20.625"" W x 13.375"" H x 19.25"" D (row 242 already uses the exact values)",ok,,https://www.friedrich.com/hubfs/2026 Literature PDFs/2026 Brochures/BR_CHILL INVERTER_REV 02-14-25.pdf
242,Friedrich,CCV10A10A,"20.625"" W x 13.375"" H x 19.25"" D",OK,Matches Chill Inverter CCV row exactly (20.625 x 13.375 x 19.25).,,ok,,https://www.friedrich.com/hubfs/2026 Literature PDFs/2026 Brochures/BR_CHILL INVERTER_REV 02-14-25.pdf
243,Friedrich,UCT08B10A,"24 1/4"" W x 14 1/2"" H x 20 5/16"" D",OK,"Matches Uni-Fit submittal ""UCT, UET Chassis"" row: H 14-1/2"" x W 24-1/4"" x D 20-5/16"". Correct chassis dims.",,ok,,https://www.friedrich.com/hubfs/2024 Literature PDFs/Submittal/SUBM_UNIFIT_REV 2.16.2024.pdf
244,Friedrich,UCT10B10A,"24 1/4"" W x 14 1/2"" H x 20 5/16"" D",OK,"Matches Uni-Fit submittal ""UCT, UET Chassis"" row: H 14-1/2"" x W 24-1/4"" x D 20-5/16"". Correct chassis dims.",,ok,,https://www.friedrich.com/hubfs/2024 Literature PDFs/Submittal/SUBM_UNIFIT_REV 2.16.2024.pdf
245,Friedrich,UCT12B10A,"24 1/4"" W x 14 1/2"" H x 20 5/16"" D",OK,"Matches Uni-Fit submittal ""UCT, UET Chassis"" row: H 14-1/2"" x W 24-1/4"" x D 20-5/16"". Correct chassis dims.",,ok,,https://www.friedrich.com/hubfs/2024 Literature PDFs/Submittal/SUBM_UNIFIT_REV 2.16.2024.pdf
246,Friedrich,UCT10B30A,"24 1/4"" W x 14 1/2"" H x 20 5/16"" D",OK,"Matches Uni-Fit submittal ""UCT, UET Chassis"" row: H 14-1/2"" x W 24-1/4"" x D 20-5/16"". Correct chassis dims.",,ok,,https://www.friedrich.com/hubfs/2024 Literature PDFs/Submittal/SUBM_UNIFIT_REV 2.16.2024.pdf
247,Friedrich,UCT12B30A,"24 1/4"" W x 14 1/2"" H x 20 5/16"" D",OK,"Matches Uni-Fit submittal ""UCT, UET Chassis"" row: H 14-1/2"" x W 24-1/4"" x D 20-5/16"". Correct chassis dims.",,ok,,https://www.friedrich.com/hubfs/2024 Literature PDFs/Submittal/SUBM_UNIFIT_REV 2.16.2024.pdf
248,Friedrich,UCT14B30A,"24 1/4"" W x 14 1/2"" H x 20 5/16"" D",OK,"Matches Uni-Fit submittal ""UCT, UET Chassis"" row: H 14-1/2"" x W 24-1/4"" x D 20-5/16"". Correct chassis dims.",,ok,,https://www.friedrich.com/hubfs/2024 Literature PDFs/Submittal/SUBM_UNIFIT_REV 2.16.2024.pdf
249,Friedrich,KCVL28B30A,"28"" W x 20 3/16"" H x 35 1/2"" D (sleeve)",OK,"Matches Kuhl submittal sleeve table row L: 20-3/16"" x 28"" x 35-1/2""; model->sleeve mapping (L) confirmed in the performance table.",,ok,,https://www.friedrich.com/hubfs/2025 Literature PDFs/2025 Submittals/KÜHL SUBMITTAL_2025.pdf
250,Friedrich,KCVL36B30A,"28"" W x 20 3/16"" H x 35 1/2"" D (sleeve)",OK,"Matches Kuhl submittal sleeve table row L: 20-3/16"" x 28"" x 35-1/2""; model->sleeve mapping (L) confirmed in the performance table.",,ok,,https://www.friedrich.com/hubfs/2025 Literature PDFs/2025 Submittals/KÜHL SUBMITTAL_2025.pdf
251,Friedrich,KCVM14B10A,"25 15/16"" W x 17 15/16"" H x 29"" D (sleeve)",OK,"Matches Kuhl sleeve table row M: 17-15/16"" x 25-15/16"" x 29""; model->sleeve mapping (M) confirmed.",,ok,,https://www.friedrich.com/hubfs/2025 Literature PDFs/2025 Submittals/KÜHL SUBMITTAL_2025.pdf
252,Friedrich,KCVM18B30A,"25 15/16"" W x 17 15/16"" H x 29"" D (sleeve)",OK,"Matches Kuhl sleeve table row M: 17-15/16"" x 25-15/16"" x 29""; model->sleeve mapping (M) confirmed.",,ok,,https://www.friedrich.com/hubfs/2025 Literature PDFs/2025 Submittals/KÜHL SUBMITTAL_2025.pdf
253,Friedrich,KCVM24B30A,"25 15/16"" W x 17 15/16"" H x 29"" D (sleeve)",OK,"Matches Kuhl sleeve table row M: 17-15/16"" x 25-15/16"" x 29""; model->sleeve mapping (M) confirmed.",,ok,,https://www.friedrich.com/hubfs/2025 Literature PDFs/2025 Submittals/KÜHL SUBMITTAL_2025.pdf
254,Friedrich,KCVQ08B10A,"19 3/4"" W x 14 1/4"" H x 21 3/8"" D (sleeve)",OK,"Matches Kuhl sleeve table row Q: 14-1/4"" x 19-3/4"" x 21-3/8""; mapping (Q) confirmed.",,ok,,https://www.friedrich.com/hubfs/2025 Literature PDFs/2025 Submittals/KÜHL SUBMITTAL_2025.pdf
255,Friedrich,KCVS08B10A,"25 15/16"" W x 15 15/16"" H x 29"" D (sleeve)",OK,"Matches Kuhl sleeve table row S: 15-15/16"" x 25-15/16"" x 29""; mapping (S) confirmed.",,ok,,https://www.friedrich.com/hubfs/2025 Literature PDFs/2025 Submittals/KÜHL SUBMITTAL_2025.pdf
256,Friedrich,KCVS12B10A,"25 15/16"" W x 15 15/16"" H x 29"" D (sleeve)",OK,"Matches Kuhl sleeve table row S: 15-15/16"" x 25-15/16"" x 29""; mapping (S) confirmed.",,ok,,https://www.friedrich.com/hubfs/2025 Literature PDFs/2025 Submittals/KÜHL SUBMITTAL_2025.pdf
257,Friedrich,KCVS12B30A,"25 15/16"" W x 15 15/16"" H x 29"" D (sleeve)",OK,"Matches Kuhl sleeve table row S: 15-15/16"" x 25-15/16"" x 29""; mapping (S) confirmed.",,ok,,https://www.friedrich.com/hubfs/2025 Literature PDFs/2025 Submittals/KÜHL SUBMITTAL_2025.pdf
258,Friedrich,KCVS16B30A,"25 15/16"" W x 15 15/16"" H x 29"" D (sleeve)",OK,"Matches Kuhl sleeve table row S: 15-15/16"" x 25-15/16"" x 29""; mapping (S) confirmed.",,ok,,https://www.friedrich.com/hubfs/2025 Literature PDFs/2025 Submittals/KÜHL SUBMITTAL_2025.pdf
259,Friedrich,UET14B33A,"24 1/4"" W x 14 1/2"" H x 20 5/16"" D",OK,"Matches Uni-Fit submittal ""UCT, UET Chassis"" row: H 14-1/2"" x W 24-1/4"" x D 20-5/16"". Correct chassis dims.",,ok,,https://www.friedrich.com/hubfs/2024 Literature PDFs/Submittal/SUBM_UNIFIT_REV 2.16.2024.pdf
260,Friedrich,WCVT10B10A,"27"" W x 16 3/4"" H x 16 3/4"" D (sleeve)",MISLABELED,"These are Wallmaster CHASSIS models given the WSE SLEEVE dimensions. The submittal states chassis = H 15-3/4"" x W 26-1/2"" x D 16-1/4"" (23-1/4"" with front).","26.5"" W x 15.75"" H x 16.25"" D (chassis)",ok,,https://www.friedrich.com/hubfs/2023 Literature PDFs/Submittals/Thru-the-wall_Wallmaster_Submittal_2023.pdf
261,Friedrich,WCVT12B10A,"27"" W x 16 3/4"" H x 16 3/4"" D (sleeve)",MISLABELED,"These are Wallmaster CHASSIS models given the WSE SLEEVE dimensions. The submittal states chassis = H 15-3/4"" x W 26-1/2"" x D 16-1/4"" (23-1/4"" with front).","26.5"" W x 15.75"" H x 16.25"" D (chassis)",ok,,https://www.friedrich.com/hubfs/2023 Literature PDFs/Submittals/Thru-the-wall_Wallmaster_Submittal_2023.pdf
262,Friedrich,WHVT14B33A,"27"" W x 16 3/4"" H x 16 3/4"" D (sleeve)",MISLABELED,"These are Wallmaster CHASSIS models given the WSE SLEEVE dimensions. The submittal states chassis = H 15-3/4"" x W 26-1/2"" x D 16-1/4"" (23-1/4"" with front).","26.5"" W x 15.75"" H x 16.25"" D (chassis)",ok,,https://www.friedrich.com/hubfs/2023 Literature PDFs/Submittals/Thru-the-wall_Wallmaster_Submittal_2023.pdf
